"GeneID","logFC","logCPM","LR","PValue","FDR"
"Bra028803",-5.04345587640139,3.51422201736783,132.198542422597,1.35379448137216e-30,3.25370965652985e-26
"Bra019324",4.80973559992413,2.20912475057395,76.4363768619661,2.27423184901089e-18,2.73294441295638e-14
"Bra034565",4.08128704374091,2.15929878328294,68.9341506558772,1.01806550479541e-16,8.15606211408428e-13
"Bra025587",4.19091941859604,3.29871295553633,55.0440152722168,1.17860650015925e-13,7.08165715620687e-10
"Bra029946",2.28084440009502,5.36446467963974,47.8017381880727,4.71573759981477e-12,1.89867451257475e-08
"Bra026156",1.76467213875196,6.46779743067286,47.5065304328576,5.48210140868342e-12,1.89867451257475e-08
"Bra030161",2.84679163593975,5.10562164254454,47.4894889531673,5.52996654240795e-12,1.89867451257475e-08
"Bra037739",2.04148229183623,4.53995750380301,47.09440980911,6.76483563298005e-12,2.03232574503803e-08
"Bra016050",5.11923173495007,1.7553341326571,46.0118399219236,1.17540473278975e-11,3.1388530386521e-08
"Bra029042",3.49655233957548,1.24065619709309,45.5989484533487,1.45119466348309e-11,3.48780125421526e-08
"Bra035094",2.17140847252256,2.9855297886122,44.8233114668063,2.15640081794293e-11,4.71153975076731e-08
"Bra001781",2.30678569927325,3.13860459311403,44.1466285316284,3.04676106164862e-11,6.1021546129719e-08
"Bra026919",1.17695784473201,4.93312207003065,43.9039780261529,3.44887191018e-11,6.37616826840508e-08
"Bra013011",3.23828818195027,3.75607221741741,43.0265941496304,5.40008053267170e-11,9.27039539444512e-08
"Bra026157",1.25758315642891,4.79163127993453,42.822113785023,5.99506142269701e-11,9.60568708220666e-08
"Bra031058",3.24072863938979,2.75797668961112,42.5732307358986,6.80848232660076e-11,1.02271915148452e-07
"Bra018543",1.83854134087836,6.99767053628216,41.2467723126496,1.34173219074897e-10,1.8968936160271e-07
"Bra014975",-1.87117481720991,5.06049490348962,41.1060248060186,1.44191181123192e-10,1.92527269284155e-07
"Bra033696",2.81963669894341,5.84431766948239,40.3015864507704,2.17632181060866e-10,2.75293254716677e-07
"Bra028635",1.37845099582388,4.04918846859616,39.0849891856884,4.05751710958311e-10,4.87591831058602e-07
"Bra008510",1.73000532308022,5.78906228827325,38.8587735713012,4.55601606988292e-10,5.21425191540791e-07
"Bra039212",2.45711537519584,3.36277321279524,37.0976940797895,1.12356511094163e-09,1.22744381256232e-06
"Bra035671",1.80514857631667,4.91382729420717,36.6178721717965,1.43708090093085e-09,1.46291581485481e-06
"Bra029201",2.15688649516267,4.15899468007916,36.5534147712252,1.48539521644629e-09,1.46291581485481e-06
"Bra007198",1.25564123027371,3.84392608671733,36.5063272431166,1.52171487773031e-09,1.46291581485481e-06
"Bra024638",2.01991167378175,2.39085162898861,36.0079146020005,1.96517686767207e-09,1.81657926298579e-06
"Bra033664",1.63669496055369,5.22922226216703,35.6972419896558,2.30490091951442e-09,2.05170328517073e-06
"Bra013434",3.75945150894063,1.3782226124818,35.5678253780788,2.46322630680998e-09,2.11432789492396e-06
"Bra008716",-3.98896688079989,0.754907002068742,35.4919325064648,2.56109112393241e-09,2.12252634733074e-06
"Bra022814",1.92351353611719,4.62772092205306,34.8852384759664,3.49722300725611e-09,2.80174192521311e-06
"Bra021887",1.45101562686603,3.83052337836941,34.4400983035528,4.39573321070027e-09,3.40796941890226e-06
"Bra000651",4.30057585225902,0.618178232365908,34.2314745913281,4.89311260587317e-09,3.67503338654862e-06
"Bra027953",2.56749774989716,3.86976214402134,34.1636597739502,5.0666334973877e-09,3.6900445295823e-06
"Bra015699",1.56297277519564,3.50534312579997,33.7093682386561,6.39917690931536e-09,4.52346523054369e-06
"Bra031989",1.91344580323541,2.11504199509972,33.4342806138512,7.37131549952506e-09,4.87565949510634e-06
"Bra032870",2.5823773329504,2.23206532976837,33.4333257843055,7.37493530230498e-09,4.87565949510634e-06
"Bra025721",1.50055559895561,3.80254401705875,33.3990639788637,7.50600820999145e-09,4.87565949510634e-06
"Bra031844",3.02199482674254,3.46153524742252,32.9397569334951,9.50592712269651e-09,6.01224874912863e-06
"Bra015963",2.95722698007906,1.83895306611699,32.8712236459431,9.84701290566933e-09,6.06828482499632e-06
"Bra037411",2.44916042002959,4.33000082502617,32.7425596132646,1.05208242887552e-08,6.28618181316887e-06
"Bra016202",1.98373439764316,2.23628358946991,32.70543376012,1.07237020196357e-08,6.28618181316887e-06
"Bra021672",1.65727624081325,3.91050591660067,32.5060235909487,1.18823668025682e-08,6.66823280750534e-06
"Bra004689",-3.3552670362104,3.40409513580712,32.498191646389,1.1930349118862e-08,6.66823280750534e-06
"Bra027323",3.78734445921581,0.906632227866882,32.2041387908468,1.38794783198164e-08,7.5813495895106e-06
"Bra039777",1.77050929179147,4.46121138511849,31.9790315453626,1.55845747530656e-08,8.32354821367062e-06
"Bra000840",-1.52141010902698,8.01151106093146,31.8640087379102,1.65352802344667e-08,8.5152826703191e-06
"Bra033046",0.972302566080537,4.65653293878207,31.8141875343145,1.69648993088454e-08,8.5152826703191e-06
"Bra011441",2.25168844264061,1.98589690136112,31.8094336587752,1.70064728374518e-08,8.5152826703191e-06
"Bra018469",1.80508170712656,7.40154509509049,31.0414614412477,2.5257498886683e-08,1.21150329972558e-05
"Bra023288",1.95546353996277,4.20282238664583,31.0093832155759,2.56784015414004e-08,1.21150329972558e-05
"Bra025372",-2.01883853014014,3.2022399052541,31.0071453729363,2.57080254164952e-08,1.21150329972558e-05
"Bra017093",1.76153824207384,3.70320006066778,30.7445712430918,2.94326119897318e-08,1.33966646928922e-05
"Bra023798",1.38600124293286,4.68441294152573,30.7373433337981,2.95424493934962e-08,1.33966646928922e-05
"Bra019368",2.29452217416506,3.6869673803639,30.5951994759264,3.1787928943166e-08,1.41479830411121e-05
"Bra006286",-2.23385324076836,3.301412645062,30.3855359356881,3.54159095561168e-08,1.53767072220076e-05
"Bra028213",1.16730201925128,3.86821398083908,30.3630831731257,3.58282268632946e-08,1.53767072220076e-05
"Bra029278",1.1429948383347,6.53380197391325,30.2770663306544,3.74528163517558e-08,1.57919471613701e-05
"Bra026515",1.167567905275,4.5752205501669,29.8340422301205,4.7065483216336e-08,1.9467028554652e-05
"Bra009783",1.49741509001973,5.11737253664339,29.804475782465,4.77887444755124e-08,1.9467028554652e-05
"Bra016499",1.84639730991099,5.87221214878706,29.7164555468595,5.00085107335326e-08,2.00317424494954e-05
"Bra003729",1.13502986844026,4.51928698019848,29.6667978277054,5.13060991747863e-08,2.02146030748658e-05
"Bra001122",2.86467822341638,3.38369756979335,28.9887441855565,7.28000756736748e-08,2.82205970764694e-05
"Bra040575",0.989659610074632,5.68846626277349,28.8460577530755,7.83652411349645e-08,2.98957175466307e-05
"Bra040442",2.09598745634995,4.41681298792806,28.750101849246,8.23455898687705e-08,3.09233422954067e-05
"Bra030337",1.06954907376933,5.7308664502779,28.5918906770717,8.9355615895847e-08,3.30395826529352e-05
"Bra035574",1.65912799650252,3.03370534509645,28.2071291319118,1.09002343743035e-07,3.96933686290926e-05
"Bra020988",1.52428888721059,3.53271471351102,28.0538897409541,1.17983729602675e-07,4.22498032474231e-05
"Bra001626",-1.68165402990977,5.91233677569162,28.0106153544947,1.2065178471678e-07,4.22498032474231e-05
"Bra017676",-2.29872298574605,2.74481493297019,28.0003047385395,1.21296347843563e-07,4.22498032474231e-05
"Bra011560",-1.26731765446713,4.94281528734848,27.8944060815291,1.28119634196695e-07,4.3988961261191e-05
"Bra022680",1.74519193782589,3.42475921731469,27.619916298428,1.47650632155427e-07,4.99807787777964e-05
"Bra017219",2.56808960062089,7.61148569107979,27.5890885698111,1.50022686952615e-07,5.00784063641548e-05
"Bra029670",1.1423591056746,4.45882226081412,27.4760095168491,1.59055317193026e-07,5.2366239635852e-05
"Bra024328",2.62995868011693,1.40984237911226,27.2243461288513,1.811629860359e-07,5.88388000863084e-05
"Bra005104",2.65270925716887,2.71685498522749,27.0137689790236,2.02011335638362e-07,6.4735205876432e-05
"Bra007718",2.94352373430264,1.49558633494802,26.9227824049327,2.11748096683688e-07,6.69625494170493e-05
"Bra036158",2.86807162838668,3.7112145929664,26.8701572806695,2.17592966642919e-07,6.79172644194274e-05
"Bra030726",2.12168173848629,2.19457231274358,26.6322916460726,2.4609602675575e-07,7.5269914832433e-05
"Bra017975",2.02945821164597,3.63160304098088,26.6219800211853,2.4741296795216e-07,7.5269914832433e-05
"Bra007694",1.42187686089143,2.63164120708568,26.5738829894155,2.53649573327465e-07,7.62026730669036e-05
"Bra016724",1.64616384483386,2.00808858371054,26.5231757710242,2.60395354830557e-07,7.72634809629333e-05
"Bra032084",0.891310714087883,4.88699260964433,26.4156733003554,2.75297548684078e-07,8.06890400618674e-05
"Bra016747",2.81299936793514,1.5183811878023,26.3898078716322,2.79008850207055e-07,8.07409936864266e-05
"Bra020656",-1.48607490179895,5.13455270128323,26.3678849398683,2.82193703489217e-07,8.07409936864266e-05
"Bra017187",3.46088605894155,1.91074255754338,26.224377669194,3.03961092194805e-07,8.59458928212935e-05
"Bra007335",1.32373724071052,4.91179470181924,26.1193509272657,3.20951290125962e-07,8.96946896149695e-05
"Bra034852",3.3609423014095,7.71653526674524,25.9915304936144,3.42918453888246e-07,9.4732208284484e-05
"Bra032693",1.53702700356508,2.42242747295458,25.8983589890681,3.59874949637193e-07,9.82867561315942e-05
"Bra026737",0.951371439491505,5.74564065630969,25.8556153054029,3.67932772867592e-07,9.83628622025004e-05
"Bra040549",1.78611031255339,2.83858215971143,25.8534857649753,3.68338919789675e-07,9.83628622025004e-05
"Bra001341",4.05103393190292,2.26799522124794,25.7647584582552,3.85666568099512e-07,0.000101858354919821
"Bra032520",-1.46506037513034,5.17875663342185,25.6235306650672,4.14948398211379e-07,0.000107789313850293
"Bra009869",2.4786806430404,1.8037578523429,25.6135845429637,4.1709270983096e-07,0.000107789313850293
"Bra021063",1.53285370653804,3.42201917727078,25.5255824409445,4.36555930761489e-07,0.00011029037624747
"Bra014461",1.54996042593869,4.28702151904923,25.5090465448093,4.40313501969892e-07,0.00011029037624747
"Bra012711",-1.64215585659686,3.47525472389665,25.501498094032,4.42039553177854e-07,0.00011029037624747
"Bra034778",-1.94548843079505,3.51191372263358,25.4699868372146,4.49318580528426e-07,0.00011029037624747
"Bra011000",1.25584032990594,4.44222123654002,25.4682842728455,4.49715273040363e-07,0.00011029037624747
"Bra025481",1.86069863814745,3.54078327024527,25.329098248684,4.83361722323345e-07,0.000117344602366861
"Bra039160",-1.16794842698579,5.21067501968698,25.2848823607855,4.945698902794e-07,0.000118864927429751
"Bra004457",-1.59076837852053,4.26342574185371,25.2512883619062,5.03259416834152e-07,0.000119755810140515
"Bra022475",2.14474370176094,4.9571083746868,25.229378855792,5.09008898033964e-07,0.000119936469170081
"Bra023863",2.35305959255102,1.69692608925353,25.1668036848363,5.25795063323711e-07,0.000122688917979826
"Bra025250",1.94308037365517,2.36255451153494,25.0675913313266,5.53554354592574e-07,0.000127924282291134
"Bra034122",-1.54041198543124,2.08316546710925,24.5642886683291,7.18714111346573e-07,0.000164510237639081
"Bra013445",1.79727842239883,4.06406503711288,24.5142807384332,7.37611087571688e-07,0.000167242876214132
"Bra035092",0.97958198232426,5.03663734370272,24.495937586338,7.4466679432221e-07,0.00016726468910972
"Bra024640",2.14831806291391,2.76594964477213,24.2755105397748,8.34938851474819e-07,0.000185804818114313
"Bra033713",-1.3423383723295,5.82869523318642,24.215714994514,8.61266494958699e-07,0.000189905311374655
"Bra000256",-2.55785756983649,1.47240977355137,24.1654470788518,8.84042224628789e-07,0.000193155189333894
"Bra029831",1.57270778587862,8.25685060530159,24.0468755499942,9.40186986273037e-07,0.000201917405863924
"Bra001662",1.44117365876407,3.70884621915651,24.0453171740795,9.40948217390341e-07,0.000201917405863924
"Bra028554",3.12978664446352,1.09628633357458,24.0085585110735,9.5908431950322e-07,0.000203987898539295
"Bra006015",1.43538428794187,4.27207699347681,23.9691101753612,9.78937617020677e-07,0.00020638409374978
"Bra024087",-1.41506892361144,6.98848073220349,23.930628394556,9.9870152899209e-07,0.000208115315413542
"Bra036747",0.72625260960697,5.09822584552555,23.9195450757659,1.00446769526383e-06,0.000208115315413542
"Bra000119",-2.00410242148719,1.92238771591619,23.7890196997272,1.07493930205066e-06,0.000219337272668886
"Bra001697",-1.70467769585661,4.28321055749216,23.7855430525555,1.07688267350123e-06,0.000219337272668886
"Bra006304",1.63883524372818,2.9256591608085,23.6478112723017,1.15677403177243e-06,0.000233629471257299
"Bra006415",0.997160008235047,3.88706454815724,23.6310968629303,1.16686520190892e-06,0.000233703652188991
"Bra020975",-1.31368045673555,7.042405971269,23.5866674353423,1.19412039013412e-06,0.000237185863276723
"Bra029887",1.3228377573647,3.01638782721106,23.4283554543133,1.29653287540354e-06,0.00025512917764921
"Bra013859",-1.04340644651324,5.40769881841635,23.4148203378251,1.30568731176054e-06,0.00025512917764921
"Bra019406",1.15743463905705,7.08595936146579,23.2180384349609,1.44634291749882e-06,0.000280333916767474
"Bra022432",1.59897762720502,5.3801663694007,23.1624448485912,1.48876582170324e-06,0.000286227216019843
"Bra006297",-1.27002885797608,5.31735798036195,23.147262089446,1.50056708073979e-06,0.000286227216019843
"Bra040857",1.75181134305699,7.44562596369299,23.1013237570873,1.53684856780851e-06,0.000290839515580392
"Bra001948",-1.15032741619974,5.19427103130593,23.0552236992324,1.57414239136133e-06,0.000295569829952956
"Bra004385",2.93237455895071,2.14901848954655,23.0202468556289,1.60304228085094e-06,0.000298662931612183
"Bra040958",1.96093327658919,2.459593873107,22.918890662317,1.68982959303089e-06,0.00031241049568388
"Bra101355",1.76988245184168,2.13889658304659,22.7146947158079,1.87925251648965e-06,0.000343483991190726
"Bra039236",0.93055697208229,4.6379872447473,22.7020945726682,1.8916156303874e-06,0.000343483991190726
"Bra013723",-1.40862234643024,3.16618953995202,22.6928066765047,1.90078101141577e-06,0.000343483991190726
"Bra031784",-1.54355488198541,5.2667299937836,22.6522123001529,1.94136562531113e-06,0.000348199861483042
"Bra006498",-2.03830033428656,4.48730905668028,22.5785004713678,2.0172950640445e-06,0.000359138293105523
"Bra008873",1.74511933295098,1.98853287964994,22.5455432349433,2.052200770181e-06,0.000362666127283309
"Bra001090",1.71347275937515,10.178921264365,22.4854548843423,2.11740847918056e-06,0.000371458360500917
"Bra102159",-1.73755620478299,2.23442427980259,22.3850377844643,2.23105350510083e-06,0.000386764118091668
"Bra040309",-1.55592350792651,3.13012455534396,22.3800630627851,2.23683999395614e-06,0.000386764118091668
"Bra008857",1.02656287102461,4.48173121016654,22.3082224944233,2.32210181392205e-06,0.000398638535684304
"Bra039976",-1.37034585644614,7.38604837585315,22.2267227132625,2.42278193638166e-06,0.000412972631624092
"Bra003375",-0.908679511278053,3.99666235526474,22.2108607715258,2.44288018065998e-06,0.000413294814343185
"Bra010788",1.79485482872922,4.39011525904843,22.1961602974416,2.46165607375218e-06,0.000413294814343185
"Bra014302",-1.14746060788509,6.14227612221064,22.1848031452849,2.47626084985515e-06,0.000413294814343185
"Bra002220",-1.42939347996235,5.83643261736306,22.1419797443639,2.53211595905425e-06,0.000418062634335917
"Bra102732",-1.07531305964072,3.45680103472482,22.136301422392,2.53961656873778e-06,0.000418062634335917
"Bra020340",-0.982690159827074,5.44151384918097,22.0952796679584,2.59446933216038e-06,0.000422016644852101
"Bra018347",-1.93501656331982,5.57054094161119,22.0921117958789,2.59875440784351e-06,0.000422016644852101
"Bra021681",1.1454083342843,4.10799231884271,22.0398579997641,2.67046974795447e-06,0.000430752147129784
"Bra022717",0.973546237732683,5.25924744989201,22.0048493794103,2.71962454809317e-06,0.000435641374516062
"Bra003418",2.05793162790071,1.81850086800736,21.9926030171631,2.73703285145733e-06,0.000435641374516062
"Bra012833",1.31011586043567,3.81669530881327,21.9788585474616,2.75670391128302e-06,0.000435885669761686
"Bra101799",-1.51080056390891,2.26478455317803,21.8512300623926,2.94627668733633e-06,0.000461039440179528
"Bra001728",1.83679773936991,1.2435914097633,21.8461083751896,2.95415136005855e-06,0.000461039440179528
"Bra020993",-1.55233712688791,3.70515857579451,21.76327473618,3.08448223317604e-06,0.000478273845110664
"Bra038949",1.2532008926646,4.89503372826788,21.6263581448201,3.31268020586887e-06,0.000510365102999053
"Bra008038",1.36491274557992,3.93011161640617,21.6011574760212,3.35649212468791e-06,0.000512817955584804
"Bra010153",1.2912517181758,2.56753285169758,21.5869711604672,3.38141063062638e-06,0.000512817955584804
"Bra003953",1.22396051592223,2.76271688436408,21.58062784137,3.39261275434733e-06,0.000512817955584804
"Bra012805",-1.0834059773757,3.9894963505907,21.5560165787793,3.43642919854008e-06,0.000516194620985701
"Bra001484",0.852989568122184,5.31761924355664,21.4582702234312,3.61612997129065e-06,0.000539814085279499
"Bra029740",2.04508079092965,2.50222839738427,21.298062198431,3.93128702323522e-06,0.000581587150893243
"Bra003450",0.850974128626578,4.90836932245641,21.2862179220385,3.95565279503254e-06,0.000581587150893243
"Bra019246",3.37636694386118,3.26458396401156,21.2799748924607,3.96855674238545e-06,0.000581587150893243
"Bra024318",1.04754275248401,3.40722964275204,21.2647575524388,4.00018726949536e-06,0.000582669702030615
"Bra039735",1.10592279028079,4.80833985185551,21.2511923480779,4.0285969120028e-06,0.000583272880620935
"Bra000937",1.19809572330648,3.65406233737002,21.2155404068471,4.10423198424839e-06,0.000590665338379795
"Bra019320",1.74103604450348,3.32213805657771,21.2020223041436,4.13328160753715e-06,0.000591305298544927
"Bra029869",1.56496015385928,2.08204285505586,21.1901163122427,4.15903774414702e-06,0.000591469308537453
"Bra019193",-0.84008894109415,5.30307676990625,21.1605132704355,4.22377803540535e-06,0.000597142831193719
"Bra008357",1.10848952821705,3.99787417230799,21.1443197472446,4.25961934259633e-06,0.000598688253099183
"Bra025668",1.13165061832478,6.45655608218079,21.1123671259697,4.33123820819358e-06,0.000601106701605559
"Bra009285",-2.35134528339682,2.86988245564498,21.1045501962562,4.34894234501031e-06,0.000601106701605559
"Bra019121",0.912981290585214,4.66957512104242,21.09945848111,4.36051333238093e-06,0.000601106701605559
"Bra023414",-1.03987028305858,4.239550094143,21.0888978139254,4.38461117081035e-06,0.000601106701605559
"Bra000777",-3.16136811923923,1.31808769827662,21.0813657455674,4.40187981536899e-06,0.000601106701605559
"Bra036160",0.790129241989249,5.53446218194497,21.057445317366,4.45717565367097e-06,0.000605218981131798
"Bra036192",1.86762510490575,1.76976722694119,21.0099292199897,4.56909295261939e-06,0.000616930224849743
"Bra038611",1.39560598761021,5.02961785526761,20.9683983976506,4.66922027823097e-06,0.000626321879763314
"Bra011033",0.972621576681182,6.0911027225161,20.9595774150315,4.69076884236484e-06,0.000626321879763314
"Bra000111",-1.42885992697281,7.34173506669807,20.8979172256367,4.84421023332152e-06,0.000643236180926239
"Bra040573",1.03999157973748,8.05777980796216,20.8569292489622,4.94898618756801e-06,0.000653215219678154
"Bra036869_Bra036870",1.14801130285925,3.50953356684815,20.8473805767184,4.97371994678797e-06,0.000653215219678154
"Bra038480",-1.69982801429984,3.83065679814216,20.7970114093258,5.10625837669237e-06,0.00066697724905122
"Bra018084",-1.36036087484858,3.489119844227,20.7361450284816,5.27115752018346e-06,0.000679666459334046
"Bra026860",1.84615518757405,3.14732692729217,20.7346310437533,5.27532662857179e-06,0.000679666459334046
"Bra011425",2.32696822518404,1.99907969071532,20.729948224799,5.28824281831849e-06,0.000679666459334046
"Bra024717",2.16225147411389,2.77238083541303,20.6767413395155,5.43724669939011e-06,0.000695099931772031
"Bra007240",0.837221462341325,6.04670374534169,20.6480268075681,5.51940397260782e-06,0.000701869603585483
"Bra024216",1.08720596284081,4.58509267862941,20.617436413756,5.60829966160174e-06,0.00070942038982598
"Bra032824",1.98640821735466,1.98683467498277,20.6023519445298,5.65266274232911e-06,0.000711288462560931
"Bra010857",-1.80454899309213,1.45083654680871,20.5854782258783,5.70270547206378e-06,0.000713848038101983
"Bra003560",0.810453663524508,5.53494597588915,20.5473580799827,5.81740234848456e-06,0.000724432373282269
"Bra006337",-0.986872882850189,4.29984984014431,20.4978128930869,5.96994277301428e-06,0.000739595900034151
"Bra011965",1.32772618496743,4.96275818198673,20.3704236237606,6.38084044817259e-06,0.000786446765801949
"Bra037992",0.831443703144161,6.26071031171092,20.2587121606656,6.76447177591359e-06,0.000829476095215854
"Bra015274",-1.87988529408945,6.06214771068568,20.2216238816697,6.89689066236062e-06,0.000841420660807995
"Bra024920",0.723175599143096,5.59275189985331,20.1440837507079,7.1822055167905e-06,0.000871803673689611
"Bra038486",1.48372546069309,3.76273488283298,20.1083848405938,7.31751676301603e-06,0.000881095662887949
"Bra005221",1.59498757312672,7.61539857104926,20.1045830657696,7.33207674867229e-06,0.000881095662887949
"Bra024118",1.63660437979913,2.73377489720919,20.0894526471261,7.39031178742904e-06,0.000883675390542635
"Bra001891",1.45311743449338,7.83131417169939,20.0586022656469,7.51049351352988e-06,0.000893600005466223
"Bra008540",0.97413557671086,6.72148936768994,20.0073575231896,7.71447626500472e-06,0.000913348386961199
"Bra000222",-1.84883099926683,1.72984851830582,19.9432073606615,7.97768755502756e-06,0.000937058229194434
"Bra000301",-0.923795830963021,4.47729613620876,19.9375898043482,8.00116161476754e-06,0.000937058229194434
"Bra010895",2.54132946169445,1.36530695309538,19.9233604691874,8.06093242962727e-06,0.000937058229194434
"Bra000261",1.47773139636423,2.89272216186101,19.9191327252185,8.07877744159056e-06,0.000937058229194434
"Bra014247",1.81218913854685,2.64684524724332,19.9118329707719,8.10968260266465e-06,0.000937058229194434
"Bra039968",-1.29138629301204,3.29135891091147,19.865540337433,8.3084550611572e-06,0.00095502699631213
"Bra017035",1.42765165286934,4.3270439001155,19.8572272539788,8.34466460953429e-06,0.00095502699631213
"Bra023710",-1.61057537406682,2.08548032976458,19.7895695294023,8.64531729517364e-06,0.000984204719775414
"Bra020157",1.0122284035036,3.49103982714745,19.7725187143838,8.7227871793954e-06,0.000984204719775414
"Bra012198",2.88967094807119,6.87312210248386,19.7653752736403,8.75545000135004e-06,0.000984204719775414
"Bra034157",0.843281833518695,4.49392038764806,19.7636383288535,8.76341058633347e-06,0.000984204719775414
"Bra101750",1.2817606749823,2.89622072564537,19.7305897706879,8.91626743870238e-06,0.000996714286612897
"Bra013667",1.60489720438277,2.09613681076775,19.7136058358816,8.99586030584583e-06,0.000998612748834573
"Bra021114",2.84322898494167,1.81566664081017,19.7092579633834,9.0163504409213e-06,0.000998612748834573
"Bra035230",0.739297114114567,5.95139876731323,19.6207079045679,9.44400656937897e-06,0.00104118006370851
"Bra004991",1.45848126154082,4.37443177512245,19.5657890919255,9.7194124901811e-06,0.00106665004469869
"Bra002423",1.16308761474546,5.68999239431837,19.4285873881873,1.04432107058393e-05,0.00113739078007803
"Bra008951",1.50841952482118,2.63754785362304,19.4257646098898,1.0458657002465e-05,0.00113739078007803
"Bra013120",1.38160409377285,7.11647257003626,19.4069710505082,1.05620821579426e-05,0.00114346433596393
"Bra010890",1.11667095239884,4.18195048981213,19.3901601790221,1.06554660356302e-05,0.00114840121390285
"Bra030430",1.86115422185717,1.49422235591689,19.3778865472178,1.07241688866496e-05,0.00115064587063275
"Bra015641",1.30139556955452,4.05615229660607,19.3674512223556,1.07829313862007e-05,0.00115180876860422
"Bra003007",2.85103212528461,8.44594674543467,19.3371899214826,1.09551708720709e-05,0.0011650291006166
"Bra015436",1.13143158270736,6.63869149806261,19.3164502384695,1.10748086903016e-05,0.00117092413285507
"Bra020854",0.879493880457273,3.54772602705512,19.310728883507,1.110804286806e-05,0.00117092413285507
"Bra011994",1.12668875867131,3.21834242351011,19.2719917292911,1.1335708897982e-05,0.00118970492425371
"Bra003320",-3.24813553975339,1.8256932332734,19.2323092743634,1.15737903327118e-05,0.00120901297431174
"Bra024901",1.23368391715328,3.37355602378185,19.2246550125145,1.16202878033624e-05,0.00120901297431174
"Bra012948",1.87128324165813,1.97095548137467,19.1681463435294,1.19694167560767e-05,0.00123650041632829
"Bra004712",-1.91280412746107,3.45824214634265,19.1652844505459,1.19873760923896e-05,0.00123650041632829
"Bra024559",-0.892427732235513,5.01805115895382,19.1500900615978,1.20831801706556e-05,0.00124105620607495
"Bra034739",-1.9335756847553,6.37754178038888,19.0986567294832,1.24132224052772e-05,0.00126765240015301
"Bra011096",-1.11787739108622,4.67979701654246,19.0933763288384,1.24476144809899e-05,0.00126765240015301
"Bra027521",-2.06817241688319,4.48294087090016,19.0352870675063,1.28323347703789e-05,0.00130131786443581
"Bra006985",1.57564080692141,7.12945338385226,18.9950961596171,1.31054835541963e-05,0.00132343357874602
"Bra033532",-2.15420659438088,1.90805292007848,18.9799332922964,1.32100451160641e-05,0.00132841098041626
"Bra018555",-1.61255239566175,1.56127429149236,18.940771785789,1.34839916049024e-05,0.00134567654876256
"Bra039217",0.947074675028407,5.97283234570323,18.9335514917162,1.35351192006057e-05,0.00134567654876256
"Bra023711",-1.60091676899878,5.22966477951488,18.9314960179445,1.35497097778372e-05,0.00134567654876256
"Bra025497",1.04934443955634,3.92275664695024,18.9145151374255,1.36708527472969e-05,0.00135212047295693
"Bra013647",1.3102258265303,3.57874144686507,18.8760288926125,1.39494586484232e-05,0.00136256166157839
"Bra038899",1.62181323039049,3.75620260100871,18.8741528784231,1.39631841355942e-05,0.00136256166157839
"Bra004491",2.83255182089294,2.25138321830059,18.8729334453787,1.39721131492846e-05,0.00136256166157839
"Bra015499",0.996435069366158,5.44616410408785,18.8637366959754,1.40396391692923e-05,0.00136256166157839
"Bra004982",1.5748123703221,4.03590476993849,18.8609878669436,1.40598856649513e-05,0.00136256166157839
"Bra012910",1.22465339931794,4.14338674015304,18.8379420665902,1.42307871018948e-05,0.00136977663940241
"Bra029650",-0.941743831838039,5.31063001383477,18.8355933152543,1.42483215382625e-05,0.00136977663940241
"Bra023506",-0.798398009725822,6.08690347330516,18.8252319809422,1.43259327068538e-05,0.00137175086325309
"Bra017117",2.44551328512216,3.08814972164874,18.7841013435861,1.46382310893215e-05,0.00139609224603473
"Bra007096",-2.09276015076379,1.54524858782678,18.7714429316591,1.47357135885764e-05,0.00139983454698753
"Bra009840",-1.78919130066296,4.37176766460853,18.75632911722,1.48529595334996e-05,0.00140541743869342
"Bra019741",-2.28939686688085,7.82597164398683,18.6720537138082,1.55241197083174e-05,0.00146316350223412
"Bra002753",1.11775976703983,3.06555981788049,18.6468626332325,1.57305914835001e-05,0.00147683217075953
"Bra003999",1.32914910232136,4.59186870988631,18.6241532861193,1.59190854976588e-05,0.00148871323288223
"Bra011671",2.77386937483967,8.5274207384849,18.5953435321557,1.61614829401767e-05,0.00150552356970623
"Bra027319",1.79096849336351,4.01654332397574,18.5515188678249,1.65373402085585e-05,0.00153458855047295
"Bra036198",-0.894076367134602,5.53505537428207,18.5379993118127,1.66550518863979e-05,0.00153956737322187
"Bra012524",1.48799151391424,3.44350688498365,18.5287585666442,1.67359927970281e-05,0.00154112203403745
"Bra000875",2.34669134235591,4.55195877253299,18.4976985089568,1.70109591912443e-05,0.00155715647139342
"Bra024807",-1.06661339141065,7.09361719605153,18.4944811088769,1.70397000905579e-05,0.00155715647139342
"Bra014550",2.8654558438028,5.67741805827624,18.4515119116231,1.742825082853e-05,0.00158663098641246
"Bra003592",0.798499986998542,4.97880897681409,18.4277847956333,1.76466056486057e-05,0.00160044724588147
"Bra003978",1.83187894119105,1.9107124403592,18.3659761446939,1.82284069863701e-05,0.00164699824627977
"Bra021430",-1.15283745634438,5.25722418548554,18.3510558510508,1.83717144069159e-05,0.00165372952829894
"Bra008885",-1.7623026808087,1.40039349349381,18.3236866093016,1.86375410534334e-05,0.00167002136889139
"Bra027405",1.68019773890813,1.63003081690708,18.3181609812287,1.86916763015638e-05,0.00167002136889139
"Bra018995",1.04884536270882,5.45172182827957,18.3096691810091,1.87751795690798e-05,0.00167126913245654
"Bra012655",1.12904756183313,2.75782316735661,18.2527142908657,1.93450090282433e-05,0.00171563818075572
"Bra022448",1.05577703020647,7.73143091573737,18.2424534340347,1.9449500068474e-05,0.00171836820879837
"Bra020505",-1.54047342089193,2.89766936216007,18.2338128092584,1.95379311856459e-05,0.00171836820879837
"Bra012435",-2.28468352948381,2.26746206639736,18.2287158846588,1.95902841479052e-05,0.00171836820879837
"Bra011299",1.07932365671488,4.20765727685967,18.1926286805061,1.99650065544646e-05,0.00174486897283637
"Bra009717",-2.5320804135458,5.09382658632547,18.1813103509442,2.00840108474957e-05,0.0017489098431475
"Bra013123",2.87756418726561,8.23498325793697,18.1651100125426,2.0255587111124e-05,0.00175236338838937
"Bra035326",1.14116219323255,3.59853029198778,18.1638029485558,2.02694941321563e-05,0.00175236338838937
"Bra018177",0.740631509613556,5.55314504590149,18.1497247184377,2.0419894443648e-05,0.00175903850558651
"Bra000376",-0.695503263544289,5.22831276147793,18.1308779222454,2.06229948389154e-05,0.00177018949270891
"Bra030429",1.54610955719687,9.28959215423086,18.1224076083166,2.07149340522793e-05,0.00177175346979531
"Bra036774",1.04574207547861,5.73964124237399,18.1087548298294,2.08639927894828e-05,0.00177817447766819
"Bra011805",1.22272147416377,3.96493092787765,18.0757272570473,2.12290541279403e-05,0.00180289430003857
"Bra038746",-1.79992521185609,3.47912476220024,18.0476854032056,2.15440404434106e-05,0.0018203310015098
"Bra021142",0.760967291320619,5.01530649931662,18.0394266554693,2.16377006555714e-05,0.0018203310015098
"Bra019407",0.787624988927763,5.21317678411073,18.0325136715622,2.17164133793255e-05,0.0018203310015098
"Bra003444",1.28293564964555,2.81842613306531,18.0306808624767,2.17373303417372e-05,0.0018203310015098
"Bra005208",1.38087339661277,6.22938538732566,17.9967705371419,2.21280050012466e-05,0.00184608946719309
"Bra028443",-1.09580582249755,4.1107035157379,17.9907117777459,2.2198546060531e-05,0.00184608946719309
"Bra021636_Bra021637",1.62825004758163,7.53852981395995,17.9826736752693,2.22924810897541e-05,0.00184750858796948
"Bra016432",2.20411837366799,2.76094347997699,17.9379750094437,2.28221723292209e-05,0.00188087550526257
"Bra004026",1.07876789953079,4.18459105657449,17.9305191249099,2.2911749156883e-05,0.00188087550526257
"Bra003687",-1.57928441981338,7.00250707956216,17.9290143123737,2.29298711426285e-05,0.00188087550526257
"Bra003979",1.66987202696051,1.98856168047304,17.8751643872546,2.35879360117274e-05,0.00192827365342128
"Bra004517",1.48374912185701,2.04117087441924,17.8551577781529,2.38372299259531e-05,0.00194204740352664
"Bra011963",-1.01787352364829,4.40775071177982,17.834608436366,2.40960429566007e-05,0.00195650100141534
"Bra000586",0.97642865869242,3.19964901717701,17.8174850629545,2.43138623236818e-05,0.00196753995652312
"Bra029416",-1.35430004757114,4.48789711203036,17.8017435516254,2.45158486094347e-05,0.00197722787073542
"Bra030759",-0.812034401644592,4.99773578909617,17.7785274217805,2.4816826199551e-05,0.00199480802969903
"Bra014622",1.31772573770492,4.07655012022516,17.7401214226272,2.53229014535022e-05,0.00202800152903098
"Bra010638",-2.38725946750579,2.52214435885648,17.7344477151068,2.53985379145512e-05,0.00202800152903098
"Bra004933",0.776590627307679,5.45289580330818,17.7124725379033,2.56936385745466e-05,0.0020447712235121
"Bra017210",1.47203064410779,7.8287271940101,17.6796256145332,2.61411703257235e-05,0.00207352108121597
"Bra025518",-0.868533007178509,6.63949414138139,17.6457022885634,2.66115921794565e-05,0.00210389146855611
"Bra021208",0.923675276351707,4.08427220525686,17.6339182416569,2.6776987092898e-05,0.00211002658292036
"Bra010398",-0.917506217842825,7.99997474203603,17.5528681072039,2.79428986262e-05,0.00218808024238637
"Bra030498",0.881812910538777,7.36144532520829,17.5470975911072,2.80278276611615e-05,0.00218808024238637
"Bra031281",1.53731646812661,5.69433553309731,17.546228656947,2.80406388722227e-05,0.00218808024238637
"Bra041036",2.10449477785701,7.16535907619181,17.5346927535093,2.82112782305286e-05,0.00219096655025956
"Bra012056",1.99634596568271,3.46461801755081,17.5314152193056,2.82599496788077e-05,0.00219096655025956
"Bra040544",1.68196065083411,3.13081232371186,17.5144209524501,2.85136712759941e-05,0.0021968090287079
"Bra012309",1.80521349582215,2.63976271516192,17.5141245539834,2.85181167078666e-05,0.0021968090287079
"Bra023862",-1.10710121740894,2.90455237317612,17.497596901938,2.87671064892713e-05,0.0022089093845468
"Bra034539",0.649614013143453,5.53800674637811,17.4807561484727,2.90230604867547e-05,0.00221475342994775
"Bra006694",0.958214252853552,4.6126391456498,17.4796566826857,2.90398500701039e-05,0.00221475342994775
"Bra031152",1.05607156653939,2.70098938157553,17.4744385736624,2.91196672989718e-05,0.00221475342994775
"Bra006644",-1.94992729723393,2.09688888777341,17.4500319717102,2.94959327007994e-05,0.00223629415309468
"Bra033881",1.27514190008926,8.22407336509483,17.4382772315537,2.96788896020734e-05,0.00224308941099444
"Bra036480",1.40957930647538,8.44895590075659,17.4198874963694,2.99674075621926e-05,0.0022577952142625
"Bra024238",-2.3741194245631,7.6016811913549,17.4006288484693,3.02725802159055e-05,0.00227013277406201
"Bra025450",0.986710423306201,5.20762738383201,17.3976492954858,3.03200724171551e-05,0.00227013277406201
"Bra038735",-0.644700790761107,5.67472043059928,17.3804717387913,3.05953357630732e-05,0.00228362826003012
"Bra001865",0.999899215518286,3.63662658047156,17.3437197999331,3.11927353653186e-05,0.00232100991260083
"Bra100459",-2.62896212197526,5.10081069203973,17.2985142169822,3.19436521782349e-05,0.00236954856929536
"Bra029505",1.26177130748815,6.35235217503242,17.2720707343711,3.23913039851823e-05,0.00239536184609191
"Bra018311",1.59299252713387,8.13604038165629,17.234610302577,3.30362718925602e-05,0.00243556367688893
"Bra003887",1.71172152214573,1.6769502868042,17.228036676851,3.31507761376853e-05,0.00243653135685972
"Bra027938",1.38575335671378,2.01573053389703,17.2118239521541,3.34348893046981e-05,0.00244992112667413
"Bra003647",0.987374941392556,4.92542310530496,17.1966753633467,3.37025657760439e-05,0.00246202877161532
"Bra026260",2.41475724946917,7.72357460200266,17.190127545491,3.38189318237126e-05,0.00246304305288214
"Bra033277",-0.748347009366782,4.27374741290331,17.0547303087441,3.63177948256329e-05,0.00263654769775154
"Bra007164",1.05995990705856,5.03652069609632,17.0493600271838,3.64206472353129e-05,0.00263654769775154
"Bra039974",3.5735791753151,3.05713978517353,17.0379983016952,3.6639214659948e-05,0.00264440506047204
"Bra016011",1.8519640017415,1.56084208256413,17.0179623851974,3.70278665699724e-05,0.0026644543267746
"Bra016788",-0.699217657780534,4.10021067333775,17.0008563768922,3.73629626159074e-05,0.00268054162242006
"Bra026089",0.882706109866836,4.26970707733593,16.9888304707078,3.76003658722525e-05,0.00268204598804627
"Bra001921",2.33892179820508,7.26791717827445,16.9884895017004,3.76071189969041e-05,0.00268204598804627
"Bra012021",2.07938099864625,4.65498042632198,16.9737881384204,3.78994520545966e-05,0.00268538584390904
"Bra016448",-0.942613764707933,6.85969885010864,16.9698015154045,3.79791180541591e-05,0.00268538584390904
"Bra015700",0.758597815872718,4.41887753125115,16.9693001875178,3.79891481621483e-05,0.00268538584390904
"Bra013669",1.68243965384718,2.35213016382229,16.9535749910173,3.83051187838569e-05,0.00269978071803876
"Bra002634",-0.820576010519094,4.83605072449854,16.9469252637212,3.84395270635865e-05,0.00270133214457964
"Bra024621",1.35037544242887,2.87138502805613,16.9224527504201,3.893827612305e-05,0.00272804653127008
"Bra018479",-0.982792898484485,7.37877803648372,16.9171751085278,3.90466841456648e-05,0.00272804653127008
"Bra007142",1.45840818073619,2.88550423022661,16.9075898468578,3.92443514862975e-05,0.00272816936122268
"Bra015815",-1.01470957533763,7.90600597201799,16.9060853689749,3.92754680445639e-05,0.00272816936122268
"Bra020203",1.80748597882277,6.32588435266827,16.8954581215709,3.94959749584338e-05,0.00273558000619884
"Bra013579",1.44393184086224,4.71970667723968,16.8791987171067,3.98357557334055e-05,0.00275017317602963
"Bra009106",0.950730121469426,2.57782597312718,16.8744509057706,3.99355262725448e-05,0.00275017317602963
"Bra017222",-1.08976968719505,6.06283927271309,16.8635473584836,4.01656053924112e-05,0.0027537859350466
"Bra031050",1.23188632449996,3.94253156333086,16.8611134825797,4.02171450112905e-05,0.0027537859350466
"Bra036599",1.89552369401908,1.31483215098809,16.8339061559391,4.07978313179101e-05,0.00278561101674617
"Bra033357",1.94725216526877,3.03805764619009,16.8187456966848,4.11250504579959e-05,0.00279285066009347
"Bra000430",0.937664213164709,4.22845308798371,16.8130736375858,4.12481516919578e-05,0.00279285066009347
"Bra024006",-2.01220050460191,3.39274884076745,16.8128747443051,4.12524750076217e-05,0.00279285066009347
"Bra009334",-0.768283274221943,5.01137752485239,16.792904270161,4.16888977739369e-05,0.00281446901432247
"Bra031132",1.12020147072286,6.20148190996441,16.7856915064259,4.1847659589528e-05,0.00281727353102161
"Bra018559",-0.851779769763191,4.64130561281137,16.7742205356509,4.21014027525847e-05,0.00282643886523916
"Bra026695_Bra026693",0.794035218121422,4.98310366131646,16.7593022299165,4.24337179026452e-05,0.00284081330382222
"Bra023027",1.58295667374806,2.44869069181103,16.7415801729659,4.28319172852804e-05,0.00285950638898453
"Bra027035_Bra027036",1.22917556119318,7.99341441417592,16.724495020023,4.32193623105277e-05,0.00287737992734411
"Bra020675",1.31265149134729,4.65699529401391,16.7087674747271,4.35791344598976e-05,0.00289331745195906
"Bra014876",-1.5934397655317,2.13614751172959,16.7035249011267,4.36997277245243e-05,0.00289333128410803
"Bra013205",2.09112792602835,2.87837591545966,16.6606628010154,4.46983401742487e-05,0.00295131842787883
"Bra022923",1.60629475739592,4.94675334428679,16.6435516112043,4.51033802892876e-05,0.00296990312841846
"Bra015166",-1.02137439863149,6.71988938571557,16.6327009494597,4.53621369089002e-05,0.00297878032368444
"Bra010827",-1.60128069820196,3.17352224978188,16.5991753841161,4.61710919122998e-05,0.00302364038970085
"Bra033901",1.21169106633136,7.82966495141752,16.5740988218658,4.67856453160119e-05,0.00305008003030832
"Bra008018",1.20519201865112,4.59871155214864,16.5723568631934,4.68286398928089e-05,0.00305008003030832
"Bra038663",1.97277831488565,1.50816222002377,16.5060812114466,4.84942881082816e-05,0.00315003167674173
"Bra016854",-2.00936419977125,2.5116178589256,16.4851663395761,4.9032191091306e-05,0.00317638727948369
"Bra007921",1.87540500974742,2.29334531286661,16.4728334916037,4.93521833205176e-05,0.00318852251055194
"Bra016792",-1.07821860195676,3.99194191831361,16.4649706764798,4.95572898443108e-05,0.0031889697348996
"Bra029069",0.790695461711851,4.79443595783525,16.4624021505741,4.9624477026398e-05,0.0031889697348996
"Bra040642",1.02659998890295,3.5790970747597,16.4371409128145,5.02901570501205e-05,0.00322312969211359
"Bra019856",2.09631064087446,1.75027834178191,16.3763776574158,5.19283917072912e-05,0.00331927384652403
"Bra010049",1.25702509416206,2.82199501709911,16.3614252520926,5.23396841389482e-05,0.0033230427369932
"Bra032383",1.88349707004113,3.656766057432,16.3608772129986,5.2354821000146e-05,0.0033230427369932
"Bra023508",-1.81822402154279,2.42388087169219,16.3591647797061,5.24021468469844e-05,0.0033230427369932
"Bra035117",1.44261079335476,5.3951198737158,16.3518281609342,5.26053935436345e-05,0.00332582874165118
"Bra015913",1.06405890919381,4.49976181608487,16.3476016452086,5.27228405828867e-05,0.00332582874165118
"Bra039084",0.886847620817109,3.52666823199778,16.323200084018,5.34060889568892e-05,0.00336010979578502
"Bra027243",-1.1203944320962,8.01370563564959,16.3104336229115,5.37670929020424e-05,0.00337399036764409
"Bra004446",0.904097187133873,3.10223474905867,16.2207357954341,5.63736761129437e-05,0.00352834617629815
"Bra003692",1.27917083265612,2.96672490243221,16.1779048269861,5.76627899538515e-05,0.00359373818148337
"Bra039061",-1.06139091711125,7.36328962102394,16.1743966397321,5.77696828396255e-05,0.00359373818148337
"Bra024659",1.07891400704451,6.38223669925651,16.168904089074,5.7937438762301e-05,0.00359373818148337
"Bra006211",-0.838039082538027,4.814526366357,16.166318544474,5.80165771163996e-05,0.00359373818148337
"Bra033040",-1.44917897069772,2.62015607106894,16.1413391151003,5.87867685505434e-05,0.00363208533507393
"Bra009866",-0.959178621916389,5.58608771202718,16.1247846041917,5.9302851555343e-05,0.00365457624174645
"Bra035476",-1.42551199327421,2.87707986422759,16.1050899483981,5.99227663143246e-05,0.00367675052940956
"Bra000064",1.43892997239381,5.30093394444717,16.1036408098593,5.99686364121056e-05,0.00367675052940956
"Bra020672",-2.34234333353953,3.90254251618646,16.0919529188745,6.0339890739073e-05,0.00369009906876051
"Bra003485",-0.766399173074912,6.2565313541105,16.0714039086096,6.09982233381583e-05,0.00369789287405322
"Bra014819",-1.77752107492234,6.69860023152267,16.0709441491518,6.10130350698942e-05,0.00369789287405322
"Bra015567",1.06642818483668,2.83475471686479,16.0704338482287,6.10294792943669e-05,0.00369789287405322
"Bra019866",0.682407414694932,5.68146428401375,16.0687808405391,6.10827773570412e-05,0.00369789287405322
"Bra012880",1.1770292066432,2.78792594075565,16.0493142340244,6.17139737481902e-05,0.00372671770116584
"Bra029407",0.724121762353827,4.24335657924348,16.021662816279,6.2621853252213e-05,0.00377011295039103
"Bra009384",0.935189538498088,4.45726051923729,16.0179032184669,6.27463252124661e-05,0.00377011295039103
"Bra028912",0.841453597178717,4.36869257381008,16.0089400629533,6.30440801785638e-05,0.00377855716461746
"Bra002260",-0.689948981917659,5.87321296313877,15.9953430327862,6.34984873087535e-05,0.00379632498502135
"Bra019846",-1.87172083943182,6.11730187538783,15.9565050237958,6.4814663299563e-05,0.00386539855519032
"Bra016144",-0.801045154622632,5.73153178726715,15.8782181378084,6.75517208602295e-05,0.00400892875626859
"Bra100032",1.84330254738929,1.85287559797748,15.8781271160968,6.75549698880245e-05,0.00400892875626859
"Bra035662",1.46101999431353,1.82403919753112,15.8666554948905,6.79657111955214e-05,0.00402135419022411
"Bra016927",1.21266334596207,2.85674151200092,15.8629480880287,6.80989912382962e-05,0.00402135419022411
"Bra031622",2.26913227618108,0.813912964355635,15.8501909733354,6.85596172097401e-05,0.00403863196083062
"Bra013893",1.2298682114045,3.52065849643625,15.8425279483531,6.8837814324735e-05,0.00404510520655423
"Bra004334",-0.636254344623777,5.20525367365898,15.8208894839117,6.96295188957827e-05,0.00408164843205181
"Bra014984",1.63932114401755,8.35589061096314,15.7956713672022,7.05637604865016e-05,0.00412634895263401
"Bra007910",1.07088088999121,3.25521342742385,15.7812708519736,7.1102893822491e-05,0.00414712826519755
"Bra027237",1.71398970813958,1.81079910385049,15.7769834163314,7.1264207935699e-05,0.00414712826519755
"Bra026622",1.27616781379928,2.93705136073664,15.7676124326142,7.16180726327033e-05,0.00415765400399611
"Bra000165",1.64534259347643,3.97367664481024,15.7364461109364,7.2807732111125e-05,0.00421653261098501
"Bra015730",-0.836098313609605,4.44914509438285,15.7078428266077,7.39170448529483e-05,0.0042704861922975
"Bra010642",-0.98837411960311,4.49151294504784,15.6805660060818,7.49907494372488e-05,0.00432052711157922
"Bra022870",1.13696491194262,6.21876431739461,15.6767368472494,7.51427283282064e-05,0.00432052711157922
"Bra007662",-0.810396373834923,5.74773194779657,15.6491009017223,7.62488231628878e-05,0.00437366161311896
"Bra033980",-1.55386612542184,5.26263577029424,15.6082108944462,7.79155159491893e-05,0.00444958886208808
"Bra040930_Bra040931",0.695653302837043,4.63653216903638,15.6075492102372,7.79427856760874e-05,0.00444958886208808
"Bra009994",-0.96488295322217,4.25969759925619,15.5412553004397,8.07241777119043e-05,0.00458831177108724
"Bra039495",1.13647616621733,4.24654608585716,15.539247079253,8.08099742855773e-05,0.00458831177108724
"Bra032810",1.2408923557289,2.78850334065255,15.5360791828057,8.09455018282845e-05,0.00458831177108724
"Bra026483",0.936180144302115,4.92339909094562,15.518558784517,8.16991921026743e-05,0.00460641291723236
"Bra024927",1.32076532113433,5.89540611914231,15.516222829709,8.18002119205017e-05,0.00460641291723236
"Bra039693",1.24810914589319,2.3689163778176,15.5149278659823,8.18562675658903e-05,0.00460641291723236
"Bra009724",1.46573336699351,2.18204454461856,15.5108858265659,8.20314857524944e-05,0.00460641291723236
"Bra011784",-2.60066066746546,1.75923152539788,15.4892124295717,8.29774615768011e-05,0.00464692887137438
"Bra037640",-0.752078053168815,5.15836811717503,15.4855204761435,8.31396943784215e-05,0.00464692887137438
"Bra034120",0.778641290490844,5.02997096520473,15.4776220666899,8.34878408727933e-05,0.00465556094556082
"Bra030018",-2.07196666522157,6.7545553420861,15.4656130138899,8.40199891280486e-05,0.00467438985811
"Bra018986",0.952618428375946,7.88579241338502,15.4437203226945,8.49989011115853e-05,0.00471393221943778
"Bra036631",1.33874512872497,2.62334687582728,15.4409627013254,8.5123016694516e-05,0.00471393221943778
"Bra003775",1.20769577809624,3.56465224588424,15.4082656161865,8.66086275585858e-05,0.00478517644768518
"Bra013009",1.51017908306495,6.19868324530933,15.3998716999934,8.69942003036656e-05,0.00479545552774839
"Bra037456",1.04096856089243,3.49532426973003,15.3724550498495,8.82656531140673e-05,0.00485440894037413
"Bra025911",1.18651493903714,2.37756211987249,15.3610035185845,8.8802240822687e-05,0.00487276953409238
"Bra100355",0.983981868929636,4.27113856845297,15.3446374038124,8.95748152945878e-05,0.00490396608380438
"Bra040650",1.19854267493337,2.11614013464274,15.3309192907326,9.02275969456574e-05,0.00491474808381969
"Bra035334",2.36437956437482,4.67275333557325,15.3278152348845,9.03759675005326e-05,0.00491474808381969
"Bra036788",-1.8146634525974,4.12430827897917,15.3222501464611,9.06425876847327e-05,0.00491474808381969
"Bra010035",-1.08904670208035,4.6573851414887,15.3207211566216,9.07159792079508e-05,0.00491474808381969
"Bra038755",-2.36937172652476,0.463750122579772,15.3190926267657,9.07942144135784e-05,0.00491474808381969
"Bra011384",1.54175527391056,2.68073280575116,15.30558967311,9.14455223266043e-05,0.00493888018785979
"Bra030129",1.02594282261235,4.58783098402568,15.280766173091,9.26551619579544e-05,0.00499299139573425
"Bra036225",-1.19655306476204,6.2026322278661,15.2623036672792,9.35652626757011e-05,0.00503075508534183
"Bra020755",0.892017727195582,4.53308826957992,15.2480463760949,9.42742204574333e-05,0.00504372446132663
"Bra005098",-1.1176230041212,6.88172317590178,15.244293110863,9.44617524310727e-05,0.00504372446132663
"Bra023998",0.932901773262514,4.80063289300126,15.2433672897623,9.45080687914218e-05,0.00504372446132663
"Bra020591",1.61436562561499,1.78457021577993,15.2406147279397,9.46459071339897e-05,0.00504372446132663
"Bra008169",1.5756333023949,2.32970388260004,15.2291094588392,9.52242428297796e-05,0.00506331737205956
"Bra026307",0.729805990554899,3.60132758256994,15.2243024000163,9.54669314767562e-05,0.00506501596272044
"Bra006263",0.754303564842437,5.66865762159379,15.2037422666257,9.65119721271207e-05,0.0051091822425181
"Bra015596",1.25031905061802,2.59651462335685,15.1942271138159,9.69995022139718e-05,0.00512370557408923
"Bra016100",1.78229624099294,1.99339184990562,15.170719582935,9.82146146922405e-05,0.00516954200160392
"Bra020184",1.11849126867793,4.2431033475326,15.1691279001679,9.82974409059246e-05,0.00516954200160392
"Bra027961_Bra027962",-0.98616804715707,4.60618277889985,15.1502166109771,9.92869211877368e-05,0.00521017874197831
"Bra038792",1.37296290404637,2.70469109720405,15.1404035996717,9.98043033792885e-05,0.00521407775124255
"Bra033267",1.30191014461292,5.01971843250874,15.1364861407278,0.000100011604872944,0.00521407775124255
"Bra040010",-1.26727143537535,5.19674462863024,15.1364775542796,0.000100012059720513,0.00521407775124255
"Bra005062",2.21088761245514,3.57570207873834,15.1176611977225,0.000101013831184327,0.00525490566814746
"Bra023490",0.806577020234821,4.62763410900551,15.1096337701598,0.000101444273836872,0.00526589995117795
"Bra000778",-3.26021549585638,6.06290904634401,15.0756926083445,0.00010328474759903,0.0053498828099032
"Bra003596",-1.20599482089075,7.41911285969914,14.9848871982748,0.000108375651376063,0.00560150624768238
"Bra001215",-1.01556395936745,3.10217314918687,14.9641197158005,0.000109575006598976,0.00565134272231715
"Bra002599",-0.819980335422042,4.28878390417744,14.9555591347607,0.00011007327387638,0.00566273052220178
"Bra012632",0.890456743596542,4.30235027887168,14.9484056049374,0.000110491392600958,0.00566273052220178
"Bra017624",1.34203537490674,8.74440444002098,14.9482134340924,0.000110502646871625,0.00566273052220178
"Bra010579",-1.94656701742249,3.23401843445671,14.9233979203608,0.000111965676802609,0.00572549590696578
"Bra007380",-2.44384458118756,5.75470993748332,14.9024122027117,0.000113218122376712,0.00577724915754119
"Bra039818",1.13061680377126,7.9135693705597,14.8937252235217,0.000113740686675519,0.00579161793126998
"Bra005500",1.34543147311339,5.33700806109028,14.8828815481733,0.000114396394815983,0.00581269123257365
"Bra040315",0.917136688176463,3.95969623717378,14.8777108090909,0.000114710403588225,0.00581634987307889
"Bra004508",-0.776152025563179,4.91932029104157,14.8660184236409,0.000115423661863063,0.00584019429308813
"Bra101792",-1.0261170776601,2.93307632367099,14.8561283774188,0.000116030457876797,0.00585856307691371
"Bra028666",-0.790557101197137,4.87412420986616,14.8511147223353,0.000116339292181304,0.00586184182030493
"Bra010005",1.11556162434446,2.50163137511253,14.8355677799188,0.000117302233619965,0.00589799557075782
"Bra022414",0.934032595695292,3.35493867699203,14.8221361254636,0.000118140616615299,0.00592774860069333
"Bra014127",0.784149875108615,5.08929059874997,14.7686757703995,0.000121537743245018,0.00608549608573075
"Bra023464",1.85298738345405,2.36877656283848,14.7638317440879,0.000121850372960199,0.00608648051037322
"Bra033199",-0.719398218528118,7.16414721498236,14.7605305517403,0.000122063893068149,0.00608648051037322
"Bra020780",-1.08773704000877,6.89793736977993,14.7487306602266,0.00012283019038763,0.00610756986969258
"Bra032882",1.17238964584151,2.03136419347651,14.7462012429638,0.000122995082671682,0.00610756986969258
"Bra013012",0.888001791092279,3.93227451645466,14.738875730229,0.000123473889880529,0.0061187040605951
"Bra037823",1.04125471325623,4.59192685017115,14.7215805972412,0.000124611785396313,0.00616238611155346
"Bra036809",-1.20797880928513,2.14616087521546,14.7128880056232,0.00012518767575869,0.00617130487324377
"Bra036490",1.09436154465628,7.90701790420673,14.7111117579124,0.000125305682705457,0.00617130487324377
"Bra001972",1.48034354698839,1.81350009247097,14.699848888946,0.000126056554292436,0.0061955894189456
"Bra023351",1.5363942052569,2.88497690506134,14.6922939970286,0.000126562759518344,0.00620777420870181
"Bra021759",0.989691954039827,5.61590751378771,14.6726184766783,0.000127890716746309,0.00626013337328063
"Bra006273",-2.45702178045331,6.08811275970066,14.666662955374,0.000128295430801397,0.00626717964203409
"Bra021124",-1.09198615622704,3.09491905168006,14.6580985233906,0.000128879697646561,0.00626938849866995
"Bra029818",0.764760464685406,4.43575588840532,14.6562454316073,0.00012900646793171,0.00626938849866995
"Bra005949",1.08783458506614,4.96541544957109,14.6538610319359,0.000129169769769885,0.00626938849866995
"Bra010578",-1.37379881553837,3.19658264556344,14.6498117983916,0.000129447569035979,0.00626938849866995
"Bra039022",1.02224861334949,3.91371779864587,14.6469404535396,0.000129644923185444,0.00626938849866995
"Bra007027",-0.722998464653834,6.53027408947268,14.6319141171682,0.000130682669166329,0.00630688206976616
"Bra024841",-0.809472377542019,4.92824205367435,14.6237286265323,0.000131251488375829,0.00632163982289516
"Bra024660",-1.04382963949347,2.04195597643767,14.6155925056899,0.000131819346966828,0.00632819271543758
"Bra012052",-1.14344568798898,7.51158391342811,14.6112364813455,0.000132124390605913,0.00632819271543758
"Bra011720",-1.52281234683741,4.56513928786064,14.6072430558117,0.000132404666549116,0.00632819271543758
"Bra014907",0.90371145016101,3.69363369539238,14.6063460429725,0.000132467705087261,0.00632819271543758
"Bra014303",1.16267414002544,2.27354607781103,14.602986777906,0.00013270404962056,0.00632819271543758
"Bra009773",-1.75985698087788,4.33806345497507,14.5797502888945,0.000134350542865429,0.00639402167767864
"Bra018348",-1.00832637130747,7.72247813253758,14.5614889591246,0.000135658927217147,0.00644353094216781
"Bra000290",-1.32774292269333,2.21423897175367,14.5519259465613,0.000136349206486624,0.00646354404082744
"Bra031208",1.41254470260629,3.901658109046,14.5312822792232,0.00013785139268541,0.00650464137127474
"Bra003222",0.823355842173253,3.73301105919889,14.5278097142987,0.000138105714524433,0.00650464137127474
"Bra005890",1.64538123137232,0.98625379365161,14.5265152156299,0.000138200641148885,0.00650464137127474
"Bra014190",1.45229528267527,4.29135691913011,14.5238555901512,0.000138395879805453,0.00650464137127474
"Bra006341",-0.673956333715928,5.73746870907609,14.5214953183991,0.000138569375971235,0.00650464137127474
"Bra035477",1.24174604976734,3.31901942353842,14.5170651709103,0.000138895613683865,0.00650724596350489
"Bra024672",-2.17795434816361,2.69273819548798,14.5058888560235,0.000139722082252129,0.00653323059308885
"Bra012838",-0.783432081385774,4.51283887788865,14.4426118408212,0.000144495565015115,0.00674331341664716
"Bra009599",1.04429213554418,2.42983273223157,14.4344145626396,0.000145125847948275,0.00675154344273856
"Bra031648",1.57636961140497,1.43569795778458,14.4304787906325,0.00014542944959465,0.00675154344273856
"Bra026809",0.8308059011956,3.4557619426842,14.4293755545209,0.000145514666861054,0.00675154344273856
"Bra011880",1.09225180657509,4.42127836045954,14.4151044702076,0.000146621550871302,0.0067897925889034
"Bra010501",-1.04865816255133,3.38583608905108,14.4074985867709,0.000147214932457338,0.00680416093592243
"Bra020359",-0.942805025908369,3.09041338323762,14.3997748752857,0.000147819981201731,0.00681901233820041
"Bra023546",-0.650823769827992,5.97789338147468,14.3951077894002,0.00014818679752347,0.00682283810666492
"Bra001488",1.03531791846143,5.30769584320469,14.3829635894741,0.000149145589738006,0.00685385297086661
"Bra031029",-0.884436847302883,3.17696263553543,14.3723616474274,0.00014998772560626,0.0068793988496581
"Bra006430",-1.78987210746026,3.08737172092855,14.3651938025859,0.000150559794821438,0.00689248401664467
"Bra011514",-1.27750153385701,6.41277778404103,14.3569396171637,0.000151221287861574,0.00689932639363965
"Bra004915",-1.25064919797073,6.54786118298473,14.3561665600201,0.000151283390590334,0.00689932639363965
"Bra002014",1.57110652361005,3.09634681533252,14.3501175594846,0.000151770218189113,0.00690841936355518
"Bra014042",0.707108526848901,6.0737069456449,14.337145507213,0.000152819543289397,0.00694303384388914
"Bra102601",1.23909360108137,4.28372068840688,14.3261656182977,0.00015371342694594,0.00697046887399759
"Bra034002",0.925264112507262,5.95965996488145,14.317534512844,0.000154419788558186,0.0069842312154387
"Bra029943",-1.0044691231997,5.07710895726855,14.315361854333,0.000154598111284571,0.0069842312154387
"Bra037186",0.830772955771691,3.93358258873189,14.2933973811503,0.000156412549964597,0.00705294413855369
"Bra022753",-0.818626036719441,4.31256219467583,14.2864973366885,0.000156986962947016,0.00706558926492243
"Bra035023",-0.757416704547946,5.91357201807568,14.2683179794725,0.000158510545374133,0.00712082700471385
"Bra029041",1.63060433949014,9.3755491333006,14.2578785731919,0.000159392176794554,0.00714707383783639
"Bra012492",-1.45034231031399,5.04705550438201,14.2222242543502,0.000162440669774181,0.00727020308631782
"Bra026551",0.712280486941444,5.00470627190288,14.2179032062133,0.000162814092625952,0.0072733715653757
"Bra000662",0.61355287856034,4.72022926899584,14.2047459309729,0.000163956470363958,0.00731081597166487
"Bra040225",0.984377230623998,6.74535518599345,14.1866378444637,0.000165541913725227,0.00735648045282111
"Bra021809",1.05725415646421,6.60837194668708,14.1854843179363,0.000165643431647971,0.00735648045282111
"Bra019897",-0.805886554917239,4.18335421222167,14.1825854620421,0.000165898826888119,0.00735648045282111
"Bra006700",1.29934102675777,2.6747080540835,14.161389223863,0.000167778350899338,0.00742612317774344
"Bra014682",1.21470857689979,3.91156934503738,14.1518522220031,0.000168631002240123,0.00745014247764545
"Bra000981",0.819880568331529,4.29174186252959,14.1449588726338,0.000169250015035152,0.00745571002068156
"Bra027764",0.977360095828612,5.62489081637606,14.1414553013737,0.000169565507315998,0.00745571002068156
"Bra016948",0.692873586584615,6.44749304136928,14.1388599364538,0.000169799598572346,0.00745571002068156
"Bra018609",0.651014066574363,5.09670324884347,14.1366643917441,0.000169997881806337,0.00745571002068156
"Bra011171",-1.42263967475732,2.00234222463252,14.1235928052936,0.000171183234968708,0.00749402161974123
"Bra038967_Bra038964_Bra038966",0.783314033020907,7.53622307608351,14.10195631932,0.000173163589665373,0.00756512431527385
"Bra035933",0.998713751425192,6.73186507166883,14.0974920560752,0.000173575059926072,0.00756512431527385
"Bra025144",-1.57914877609733,1.67377697056543,14.095578742537,0.000173751710994057,0.00756512431527385
"Bra004855",-0.595097518874409,6.38578733960453,14.0783223697026,0.000175353149247124,0.00761979611523878
"Bra037958",1.85032962613866,3.92177944321135,14.0752324432413,0.000175641468246746,0.00761979611523878
"Bra023576",1.25899301313992,3.89526140256079,14.0519041366287,0.000177833684103248,0.00769770392668368
"Bra035742",2.96441824476142,4.84860048208482,14.0493236626346,0.00017807786399418,0.00769770392668368
"Bra016495",1.15399334458094,4.32533029140257,14.0413490378195,0.000178834607234063,0.00771653671501521
"Bra036217",1.63273546950206,4.94437442186231,14.036295521336,0.000179315830951667,0.00771710087674863
"Bra029666",0.957982877960109,4.22350477507175,14.0344712962018,0.000179489863947012,0.00771710087674863
"Bra000015",0.630917992270838,5.28987763699941,14.0266837535661,0.000180234719137486,0.00773528792812558
"Bra022530",-0.835505394489588,3.62944085190916,14.0141617065024,0.000181438949441857,0.00777309039373544
"Bra011563",-1.37144249410225,1.37167850975733,14.0051293894597,0.000182312604941898,0.00779662125831599
"Bra016212",1.07637345005761,2.57776852816208,13.9961017045811,0.000183190046664168,0.00782023016256946
"Bra038127",-0.948309554559346,3.09867700541255,13.9901913367001,0.000183766805043129,0.007830942185118
"Bra017481",1.43201793046531,3.06819380053905,13.9731723497626,0.000185437826185619,0.00788816409654012
"Bra016300",-1.7928010437307,3.70472808571325,13.9448326989577,0.000188254410087726,0.00799382772446714
"Bra021771",1.62686558039374,1.21583121132462,13.9304900739185,0.000189696260211752,0.00804084641610095
"Bra027372",-0.858249241595845,3.5711006031196,13.9237598295087,0.000190376674845792,0.00805548063951369
"Bra001195",0.811978550142933,5.09712032786713,13.9126883918944,0.000191501328629352,0.00808882764899447
"Bra004581",-1.69810675604716,5.95165191179254,13.898684450647,0.000192933462838126,0.00813502253658163
"Bra025798",1.0690097259548,4.40091793121575,13.8921504939424,0.000193605354384021,0.00814905619486089
"Bra002997",1.62412060984604,1.26797347694171,13.8793774834774,0.000194925628050993,0.00819028416884188
"Bra018722",1.39627680569361,3.95536758999166,13.876059954216,0.000195270023588003,0.00819043585848875
"Bra011561",-1.70395098082911,4.07003943641717,13.8550797089694,0.000197462242103947,0.00825995364510565
"Bra002828",0.702631370762899,4.72398346541875,13.8531496136404,0.000197665158285719,0.00825995364510565
"Bra024095",0.678576682944645,7.29370470139566,13.850363444868,0.000197958446350206,0.00825995364510565
"Bra022587",1.86185574434778,3.84057708270183,13.8324812202587,0.000199851296610897,0.00832448191117211
"Bra025244",0.848719686222155,3.30497839659509,13.8096799963424,0.000202291300022552,0.00841153824349831
"Bra011481",0.960831555673149,3.70977884171084,13.7611962935334,0.000207579867448004,0.0086165363285757
"Bra024572",1.21303364852408,2.56524453688418,13.7513990638578,0.000208665345358937,0.00864666019027016
"Bra025323",-0.938266863429735,7.76722766961548,13.7441518666902,0.000209471972241967,0.00866514523384413
"Bra013115",-1.65751176292746,5.47573912737679,13.7349324502909,0.000210502652934975,0.00869281917635599
"Bra025961",0.847386068354339,6.36711310098715,13.7131390636458,0.000212959396719115,0.00877673019827763
"Bra011735",0.760511989453856,6.02185384627247,13.7104460472719,0.000213264976108602,0.00877673019827763
"Bra011180_Bra011181",-0.853487034242777,5.52396609309194,13.7027275463935,0.000214143252423115,0.00879221127439017
"Bra101202",2.10321235832508,1.08886104069584,13.697325177805,0.000214760146789068,0.00879221127439017
"Bra034640",1.32482514357734,2.15498390921638,13.6948250466166,0.000215046241552992,0.00879221127439017
"Bra032354",-1.49472327251281,3.47758545453116,13.6943168279723,0.000215104444925581,0.00879221127439017
"Bra036562",-1.40384318925772,3.12047570971942,13.6892966025815,0.000215680236071749,0.00880077893675454
"Bra007020",-0.711180092301749,5.20707814864971,13.6833308202081,0.000216366496809958,0.00881381760056023
"Bra023512",-1.75459018003803,2.87883839666869,13.6621516774266,0.000218820612130719,0.0088987048933159
"Bra023081",1.50691841291347,2.22025281269012,13.6462383139596,0.000220682997533028,0.00895928236944052
"Bra018985",-0.643792030284758,4.69909436788538,13.6271441414782,0.000222938734442267,0.00903559788125709
"Bra027708",1.18475850800207,3.04699253103155,13.6167560904947,0.000224175695932561,0.00907043548155415
"Bra006607",-0.58339873669052,4.90685857294096,13.6117084366372,0.000224779241707376,0.00907957024402535
"Bra032357",-1.01535699281798,3.47898624290454,13.5927783483223,0.000227057325516526,0.00914731164503594
"Bra036685",0.978526220370684,3.55518114932068,13.5914546814066,0.000227217485732148,0.00914731164503594
"Bra005839",1.24557858106126,4.06734716276953,13.5834521167774,0.000228188202523651,0.00917102886196226
"Bra034865",1.28282289103349,2.19645150079653,13.5732346790734,0.000229433661463579,0.00920569051688756
"Bra011670",1.03950921746177,5.1809105101882,13.5665585058763,0.000230251154423275,0.00921968680625664
"Bra025326",0.789925300773245,5.61674929645301,13.5641262481777,0.000230549711681794,0.00921968680625664
"Bra018553",2.44047451679272,3.01459409518607,13.5459802643994,0.00023278946035598,0.00929379051527512
"Bra011174",0.779841948396437,5.83252254100221,13.5194988268059,0.000236097459591066,0.00941022610914044
"Bra034193",-0.779571252269112,7.00659152423585,13.5078201844927,0.000237571341807398,0.00943799010721447
"Bra038768",1.17789930972547,3.81073312203368,13.5048185019436,0.000237951659374225,0.00943799010721447
"Bra016225",0.939828292383986,3.53590062784367,13.5046571282083,0.000237972123032869,0.00943799010721447
"Bra039762",-0.79286572620918,5.08624550679763,13.4979404396703,0.000238825435241133,0.00945622818877332
"Bra012137",0.730731246771118,4.27658165903776,13.4558335963298,0.000244245549821685,0.00965493017173416
"Bra039066",-1.66100394737333,1.5185502109624,13.4513526036247,0.000244829606026117,0.00966212602829506
"Bra016265",1.75303272507984,2.39922749207393,13.4317374894286,0.000247402867502012,0.00974767297957928
"Bra026409",-0.861279663968368,6.09866225927697,13.4254547189379,0.000248232839747191,0.00976436672746969
"Bra036289",1.34011359339453,2.47782586834062,13.4201099252321,0.000248941111208602,0.00977338864940579
"Bra023526",-1.84779834312548,4.13492037033226,13.4148413479258,0.000249641276126404,0.00977338864940579
"Bra003998",2.4518776991882,1.69269904692788,13.4145342925687,0.000249682143244369,0.00977338864940579
"Bra016381",1.13649705749973,5.71560185335548,13.3927897217036,0.000252593419668536,0.00987126869644486
"Bra009925",1.54179100808773,1.78283663219986,13.3690358113537,0.000255812834922011,0.00996440968283952
"Bra035481",1.23675380331232,3.63994423832805,13.3672101181953,0.000256061979612934,0.00996440968283952
"Bra005432",1.11318425422995,4.55103191496507,13.3643447087906,0.000256453503253637,0.00996440968283952
"Bra004601",-0.817405817049942,3.34260195847895,13.3630166826199,0.000256635166583909,0.00996440968283952
