HAGRID,Female.maturity..days,Male.maturity..days,Gestation.Incubation..days,Birth.weight..g,Maximum.longevity..yrs,Metabolic.rate..W,Body.mass..g,Temperature..K,Log10.Body.mass..g
18,910,910,8,NA,36,0.00829,21.6,288,1.334453751150931
26,NA,NA,3,NA,10,0.00698,19.2,288,1.2833012287035497
36,365,365,2,NA,24.8,0.0303,105,293,2.0211892990699383
60,730,730,4,NA,7.8,0.00433,6.97,290.5,0.84323277809800945
85,183,NA,2,NA,30.3,0.012,63.6,288,1.8034571156484138
88,1277,730,4,NA,16,0.0134,51.2,288,1.7092699609758308
90,730,365,NA,NA,9,0.00576,21.6,289.78,1.334453751150931
111,1095,730,NA,NA,32,0.005,12.8,290,1.1072099696478683
117,1460,1460,28,NA,25,0.00196,3.21,291,0.5065050324048721
119,1460,1095,150,NA,27,0.00904,199,288,2.298853076409707
123,1825,1825,72,NA,29,0.0253,358,288,2.5538830266438746
138,1280,1280,NA,NA,15,0.00411,14.1,288,1.14921911265538
149,730,730,NA,NA,25,9.9e-5,0.76,278.5,-0.11918640771920865
152,910,910,NA,NA,20.1,0.00191,4.2,288,0.6232492903979004
175,NA,NA,NA,NA,24,0.00857,19.1,288,1.2810333672477277
192,365,365,NA,NA,20.2,0.9516,135,NA,2.130333768495006
197,1460,1460,40,110.6,48,4.9929,3000,NA,3.4771212547196626
207,365,365,33,35,22.4,2.11,658,NA,2.8182258936139557
222,NA,NA,NA,NA,42,5.1887,2860,NA,3.456366033129043
240,1095,1095,NA,NA,29,2.36428,652,NA,2.81424759573192
251,365,365,31,23.7,22.5,2.247,448,NA,2.651278013998144
256,240,240,23,23,22.6,3.9209,554,NA,2.74350976472843
257,180,180,22,15,27.1,1.68388,250,NA,2.3979400086720375
262,365,365,24,NA,35.2,2.8538,723,NA,2.859138297294531
263,365,365,26,32.8,29.1,4.068,1020,NA,3.0086001717619175
265,365,365,28,32,26.6,3.6076,904,NA,2.9561684304753633
318,730,730,NA,NA,21.1,0.4372,44.9,NA,1.6522463410033232
326,365,365,13,0.62,9.1,0.07832,3.2,NA,0.505149978319906
328,365,365,16,NA,8.5,0.1175,4.8,NA,0.6812412373755872
335,365,365,16,NA,8.9,0.06853,3.8,NA,0.5797835966168101
337,365,365,15,NA,7,0.06853,3,NA,0.47712125471966244
338,NA,NA,75,325,35,4.029,2380,NA,3.376576957056512
348,NA,NA,19,5.95,10,0.4421,72,NA,1.8573324964312685
366,1825,1825,31,NA,42.8,6.8224,956,NA,2.9804578922761
367,1862,2081,33,70.4,29,6.8224,989,NA,2.9951962915971793
370,730,730,NA,NA,13,0.416,36,NA,1.5563025007672873
385,1095,1095,NA,NA,43.3,2.91,449,NA,2.6522463410033232
388,1095,1460,35,24.8,26.2,0.788095,138.7,NA,2.1420764610732848
393,1764,1764,36,13,35.9,0.82236,98.1,NA,1.9916690073799486
400,1825,1460,26,67.5,49,4.817,1000,NA,3
403,1095,730,23,40,33.7,2.257,431,NA,2.6344772701607315
404,730,730,21,36.3,31.8,2.91742,439,NA,2.6424645202421213
412,1825,1460,27,67.5,33.9,3.43629,761,NA,2.8813846567705728
439,730,730,22,11.42,22.3,0.92,90,NA,1.954242509439325
470,300,300,20,12.2,20.9,1.066,156.7,NA,2.19506899646859
471,365,365,NA,NA,15.5,2.16,430,NA,2.6334684555795866
512,NA,NA,14,NA,8.6,0.8884,131,NA,2.1172712956557644
513,NA,NA,NA,NA,16.3,1.695,445,NA,2.6483600109809315
519,365,365,NA,NA,13.2,1.138,154,NA,2.187520720836463
522,90,80,14,5,31.3,0.736,123,NA,2.089905111439398
523,365,365,NA,NA,21,0.378,34.3,NA,1.5352941200427705
538,365,365,NA,NA,12.9,0.838,111.6,NA,2.04766419460156
539,365,365,20,14,9,1.4661,284.7,NA,2.454387467146955
556,365,365,NA,NA,14.9,1.3014,208,NA,2.3180633349627615
567,365,365,22,NA,7.4,0.755,126.1,NA,2.1007150865730817
570,120,120,24,12,11,2.3894,644,NA,2.808885867359812
575,365,365,NA,NA,14.6,0.891,97,NA,1.9867717342662448
577,365,365,26,22.6,14,4.957,1131,NA,3.053462604925455
581,NA,NA,NA,NA,30,6.005,2710,NA,3.432969290874406
582,365,365,21,14.72,9,2.872,567,NA,2.7535830588929064
588,365,365,24,10,5.2,2.1783,501,NA,2.699837725867246
592,1095,1095,NA,NA,18,11.816,4010,NA,3.603144372620182
613,365,365,NA,NA,20.6,2.039,412,NA,2.6148972160331345
622,365,365,NA,NA,10.1,0.257,21.9,NA,1.3404441148401183
626,365,365,NA,NA,9.8,0.203,10.8,NA,1.0334237554869496
627,365,365,NA,NA,11.8,0.218,11.5,NA,1.0606978403536116
631,365,365,NA,NA,10.8,0.252,12.5,NA,1.0969100130080565
634,365,365,NA,NA,11.1,0.199,8.9,NA,0.9493900066449128
635,365,365,12,NA,9.1,0.122375,5.5,NA,0.7403626894942439
636,365,365,11,NA,10.1,0.722,31.7,NA,1.5010592622177514
637,365,365,11,2.74,8,0.3133,26,NA,1.414973347970818
639,365,365,NA,NA,6,0.572,25.5,NA,1.4065401804339552
641,365,365,14,NA,13.5,0.9566,72.5,NA,1.8603380065709938
646,365,365,12,3.5,28.5,0.5163,41,NA,1.6127838567197355
675,1095,1095,19,25,69,5.5656,1203,NA,3.0802656273398448
677,1095,1095,NA,NA,19.2,3.3531,518,NA,2.714329759745233
679,NA,NA,21,14.4,21.8,3.86705,640,NA,2.806179973983887
680,730,730,NA,NA,22.9,2.6433,390,NA,2.591064607026499
687,365,365,NA,NA,17.9,1.39997,153,NA,2.184691430817599
689,365,365,NA,NA,16.2,1.346,147,NA,2.167317334748176
693,365,730,18,NA,20,1.196,158.9,NA,2.2011238972073794
706,365,365,11,2,9.1,0.1796,13.8,NA,1.1398790864012365
707,NA,NA,12,1.7,6,0.1988,11.6,NA,1.0644579892269184
715,365,365,NA,NA,13.2,0.436,26.8,NA,1.4281347940287887
716,NA,NA,NA,NA,6.8,0.407,27,NA,1.4313637641589874
718,365,365,NA,NA,12.2,0.3,17.6,NA,1.24551266781415
719,365,365,11,2.3,11.3,0.2959,18,NA,1.255272505103306
721,365,365,13,1.46,7.8,0.211,14.9,NA,1.173186268412274
723,365,365,12,1.5,11.3,0.25,19.1,NA,1.2810333672477277
724,365,365,14,3.63,8.6,0.73425,46.6,NA,1.6683859166900001
726,365,365,11,NA,12.8,0.670615,43.7,NA,1.640481436970422
727,365,365,12,1.7,18,0.221,15.9,NA,1.2013971243204515
733,365,365,12,2,7.9,0.27412,21.5,NA,1.3324384599156054
736,365,365,12,1.3,11.8,0.1945,11.9,NA,1.0755469613925308
739,365,365,13,2.8,14.9,0.278,20.2,NA,1.3053513694466237
741,365,365,12,2.7,13.3,0.336,26.1,NA,1.416640507338281
742,365,365,13,3.1,11.7,0.4552,33.3,NA,1.5224442335063197
745,NA,NA,NA,NA,10,0.21538,10.3,NA,1.0128372247051722
747,365,365,10,1.3,12.2,0.2888,14,NA,1.146128035678238
751,365,365,NA,NA,9,0.358,21.6,NA,1.334453751150931
756,365,365,NA,NA,29,0.373,21,NA,1.3222192947339193
757,365,365,NA,NA,14.8,0.383,21,NA,1.3222192947339193
758,365,365,13,NA,7,0.339,27.4,NA,1.437750562820388
759,NA,NA,14,NA,11.6,0.3108,20.4,NA,1.3096301674258988
762,NA,NA,13,NA,17,0.7294,54.5,NA,1.7363965022766426
763,NA,NA,13,3,11,0.3,13.5,NA,1.130333768495006
769,365,365,13,NA,16.1,0.607,39.4,NA,1.5954962218255742
779,NA,NA,NA,NA,24,0.230065,13.3,314.15,1.1238516409670858
781,NA,NA,13,1.1,11,0.3003,14,NA,1.146128035678238
784,NA,NA,13,1.08,13,0.4108,13.6,NA,1.1335389083702174
790,365,365,15,2.3,16,0.3158,18,NA,1.255272505103306
794,365,365,15,1.6,10,0.2328,13.6,NA,1.1335389083702174
807,NA,NA,13,2,14,0.5052,37.5,NA,1.5740312677277188
813,365,365,11,2.22,16.9,0.6315,42.5,NA,1.6283889300503116
820,365,365,NA,NA,10.1,0.383,27,NA,1.4313637641589874
821,335,335,NA,4,12,0.8161,72.4,NA,1.8597385661971468
844,365,365,NA,NA,8.8,0.3,18.9,NA,1.276461804173244
847,365,365,NA,NA,8.8,0.339,19.7,NA,1.294466226161593
848,365,365,13,NA,13.7,0.3,18,NA,1.255272505103306
850,365,365,11,1.5,8.8,0.257,14.7,NA,1.167317334748176
852,365,365,NA,NA,19.3,0.281,17.6,NA,1.24551266781415
855,365,365,NA,NA,15,0.232,11.7,NA,1.0681858617461617
859,365,365,NA,NA,11.8,0.2476,14.4,NA,1.1583624920952498
879,180,180,12,1,12.4,0.252,10.3,NA,1.0128372247051722
894,365,365,12,1.74,11.5,0.17622,10.6,NA,1.0253058652647702
897,365,365,12,1.5,8.6,0.151745,9.3,NA,0.9684829485539351
903,365,365,11,NA,12.2,0.12727,8.2,NA,0.9138138523837167
906,365,365,12,1.9,8.9,0.28391,18.7,NA,1.271841606536499
907,365,365,13,1.95,8.1,0.1994,12.8,NA,1.1072099696478683
908,365,365,12,2.1,11,0.24475,19,NA,1.2787536009528289
910,365,365,13,NA,7,0.122375,7,NA,0.8450980400142568
911,365,365,13,NA,10,0.18601,9.4,NA,0.9731278535996987
915,319,319,12,1.9,8.2,0.21538,12,NA,1.0791812460476249
916,NA,NA,12,NA,10,0.1895,11.5,NA,1.0606978403536116
918,365,365,12,NA,6.1,0.1604,9.8,NA,0.9912260756924949
923,NA,NA,12,NA,6.6,0.1554,9.8,NA,0.9912260756924949
926,365,365,13,NA,10.2,0.1795,12,NA,1.0791812460476249
933,365,365,11,1.5,9,0.1505,7.8,NA,0.8920946026904804
937,319,319,13,2,13.1,0.2007,17.5,NA,1.2430380486862944
940,365,365,NA,NA,8,0.165,8.2,NA,0.9138138523837167
942,365,365,NA,NA,11.8,0.208,10.7,NA,1.0293837776852097
948,365,365,NA,NA,20.8,0.325,16.8,NA,1.2253092817258628
952,365,365,NA,NA,7,0.184,5.5,NA,0.7403626894942439
961,NA,NA,15,5.9,13,1.2092,109.4,NA,2.039017321997412
965,365,365,12,6.4,22.9,0.877,75,NA,1.8750612633917
968,365,365,NA,NA,24,0.416,24.8,NA,1.3944516808262162
970,365,365,NA,NA,9,0.199,10.6,NA,1.0253058652647702
983,365,365,15,1,7,0.213,9,NA,0.9542425094393249
992,365,365,14,2.9,8.7,0.423,27.5,NA,1.4393326938302626
995,365,365,NA,NA,18.8,0.722,58,NA,1.7634279935629373
998,365,365,NA,NA,17.7,0.726,62.8,NA,1.797959643737196
1006,365,365,13,NA,8.2,0.2576,13.9,NA,1.1430148002540952
1015,365,365,13,1.9,12.1,0.1795,12.3,NA,1.089905111439398
1018,365,365,14,3,14.9,0.384,33.9,NA,1.530199698203082
1022,NA,NA,16,1.65,10.3,0.3449,21.6,NA,1.334453751150931
1024,365,365,12,3.2,11.1,0.4372,35.7,NA,1.5526682161121932
1045,365,365,34,NA,8.3,2.7412,600,NA,2.7781512503836434
1104,694,766,14,4.7,17.2,0.737,73,NA,1.863322860120456
1108,365,365,12,1.67,11.9,0.383,21.7,NA,1.3364597338485296
1126,NA,NA,NA,NA,50,20.3649,8130,NA,3.910090545594068
1128,3141,3068,64,167.2,65,7.462,2522,NA,3.401745082237063
1132,NA,NA,NA,NA,47.2,8.5312,3753,NA,3.5743785644130823
1140,1461,1461,44,16.9,22.9,0.513975,87,NA,1.9395192526186185
1203,NA,NA,NA,NA,17.9,0.718,137,NA,2.1367205671564067
1212,NA,NA,27,NA,57,3.419,776.1,NA,2.889917683436206
1241,NA,NA,NA,NA,40,1.248,268.7,NA,2.4292676664331685
1262,180,180,18,NA,21,0.3035,25.2,314.15,1.4014005407815442
1263,730,730,31,4.76,22.1,0.5189,80.4,NA,1.9052560487484513
1333,NA,NA,NA,NA,26,25.889,13270,NA,4.122870922864435
1339,365,365,27,7.5,17.5,0.654,124,NA,2.093421685162235
1342,365,365,27,17.4,27.8,0.954,252,NA,2.401400540781544
1346,730,730,32,45,28,4.2244,2026,NA,3.3066394410242617
1347,730,730,27,34.7,29,5.2442,1450,NA,3.161368002234975
1349,365,365,29,11,20.7,0.586,166,NA,2.220108088040055
1351,365,NA,24,NA,14,0.259435,45.9,NA,1.6618126855372612
1357,365,365,30,NA,25,2.675,571,NA,2.756636108245848
1362,NA,NA,NA,NA,50,69.6339,100000,NA,5
1363,730,730,28,NA,16.4,3.2258,1040,NA,3.0170333392987803
1370,730,730,24,31.15,22.5,5.6096,1330,NA,3.123851640967086
1377,1461,1461,43,52.2,25.5,5.5209,1289,NA,3.110252917353403
1542,365,365,55,7.67,19,0.75,116.4,307.85,2.06595298031387
1545,669,669,61,3.95,5.6,0.315,44.6,304.05,1.649334858712142
1546,639,639,61,3.6,5.8,0.243,44,303.95,1.6434526764861874
1547,198,258,54,24.7,14.1,0.573,427.6,305.35,2.6310376965367404
1548,182,NA,58,21,8.7,0.729,650,306.15,2.8129133566428557
1549,547,547,235,3000,15.5,50.973,34779.3,311.15,4.541320836746721
1591,411,912,253,18125,24.3,230.073,196500,311.15,5.293362554711446
1608,771,NA,264,9000,30,148.949,100000,311.85,5
1614,213,304,172,600,17.3,11.966,4290,312.15,3.6324572921847245
1623,912,912,184,3200,20.8,46.414,32000,NA,4.505149978319906
1632,707,749,180,4400,20.6,114.674,67030.8,311.15,4.826274402647676
1636,487,685,193,800,15.9,10.075,4200,312.55,3.6232492903979003
1639,238,243,197,920,9.3,20.619,9600,312.55,3.9822712330395684
1650,589,571,274,32000,26.1,190.209,141404,309.65,5.1504616948453
1659,1095,2191,405,37000,28.4,224.779,407000,310.65,5.60959440922522
1660,800,800,330,11000,28.9,148.94,115000,311.45,5.060697840353612
1671,413,655,153,1010,17.5,46.347,21500,311.15,4.332438459915605
1673,852,730,245,10100,31.5,112.43,67000,308.35,4.826074802700826
1688,309,417,198,3000,23,123.447,61862.5,312.15,4.791427466819212
1692,662,680,228,6500,21.8,119.66,85000,310.35,4.929418925714293
1713,334,768,115,960,27,104.15,135000,312.15,5.1303337684950066
1716,329,358,145,700,31.5,33.165,20500,310.65,4.311753861055754
1720,167,167,144,370,14,4.883,1615.5,311.55,3.208306962353663
1722,550,550,116,100,19,4.898,5740,310.75,3.7589118923979736
1727,274,274,63,250,21.8,19.423,10148.9,310.15,4.006418973301598
1729,309,251,60,159,16.7,21.533,7720,311.15,3.887617300335736
1730,274,274,55,140,12.7,8.502,5444,311.35,3.735918116531297
1738,639,639,72,318,17,33.01,8750,NA,3.942008053022313
1748,304,304,52,70,16.3,7.665,3600,311.75,3.5563025007672873
1749,NA,NA,54,40,15.8,4.928,1769,311.15,3.2477278329097232
1752,365,365,55,39.65,15.9,4.948,1769,NA,3.2477278329097232
1753,304,304,52,100,21.3,13.731,4580.3,311.85,3.660893924309038
1754,274,274,51,26.28,16.3,2.693,1159.2,311.95,3.064158372463118
1756,728,NA,82,67.5,21.4,5.02262,2260,311.05,3.3541084391474008
1759,456,456,88,489,20.5,61.77,38446.1,312.15,4.584852291227592
1771,600,600,77,255.5,28.2,17.368,10500,311.15,4.021189299069938
1773,659,NA,81,166.5,24,5.227,3600,311.55,3.5563025007672873
1774,821,NA,70,263,22.4,1.44,1012,NA,3.0051805125037805
1778,365,730,65,265,32.3,23.446,9400,NA,3.9731278535996988
1780,1095,1095,109,1300,27,94.58,98000,311.05,4.991226075692495
1781,730,730,99,820,28,62.419,50400,310.15,4.702430536445525
1783,1268,1415,105,1190,26.3,133.859,137900,310.65,5.139564266175849
1790,912,912,92,400,23.8,49.326,37200,310.75,4.570542939881897
1791,803,NA,73,NA,18.6,9.69,8400,311.55,3.9242792860618816
1798,365,365,65,NA,12.6,2.202,519.6,311.85,2.7156691424009902
1803,301,122,49,25.92,16.6,2.248,611,312.95,2.786041210242554
1810,365,365,77,29,20.6,1.729,850,309.45,2.929418925714293
1813,800,800,90,700,25,31.954,34300,310.15,4.535294120042771
1814,NA,NA,84,275,20,11.563,7902.6,309.55,3.8977700001362185
1819,152,152,31,9.5,10.5,1.674,624,309.55,2.795184589682424
1823,700,183,66,83,22.3,6.811,2950,311.55,3.469822015978163
1824,974,1369,140,1868,27,98.479,26832.8,310.65,4.428665993622409
1827,710,776,35,95,19.5,31.765,12700,310.15,4.103803720955957
1833,548,548,61,110.5,18.2,25.104,10000,311.25,4
1835,365,365,28,30,17.8,3.579,966.5,311.15,2.985201858364572
1838,456,426,28,30,18.2,4,920,310.15,2.963787827345555
1842,365,365,49,80,18.6,16.647,11050,310.15,4.04336227802113
1846,95,365,43,2.3,12.5,1.276,125.5,312.75,2.098643725817057
1848,162,365,25,3.1,8.8,1.344,225,312.15,2.3521825181113627
1854,334,371,42,8.5,11.4,2.722,660,312.15,2.8195439355418688
1857,183,441,41,93.5,25,15.062,9000,311.15,3.9542425094393248
1859,1095,1095,64,55,21,5.565,4270,310.55,3.630427875025024
1887,1095,1460,253,11000,47.6,73.29,27400,309.85,4.437750562820388
1894,300,300,64,25,24,3.537,1280,311.95,3.1072099696478683
1895,712,712,78,140,26.4,6.733,3670,311.75,3.5646660642520893
1896,730,730,73,140,23.7,5.591,3924.3,309.55,3.5937622003807914
1897,820,550,115,175,38.4,4.294,2318,309.25,3.3651134316275773
1898,365,365,63,71,19,2.588,1160,310.15,3.0644579892269186
1899,365,365,63,80,21,10.428,4842.2,311.15,3.6850427233755543
1902,1095,1095,198,400,33.3,47.064,66957,NA,4.825795986911234
1908,925,840,92,318,27,12.747,14280,309.85,4.154728207440155
1909,1095,NA,45,NA,16.1,3.085,2010,309.35,3.303196057420489
1918,1461,NA,70,71.5,21.3,4.189,1699,310.15,3.230193378869046
1921,341,NA,60,88.65,24.5,5.534,3282.6,309.65,3.516217965161113
1969,1055,1461,320,7000,20.4,107.675,28500,NA,4.45484486000851
1974,365,NA,NA,3.49,6,0.081,7.8,308.65,0.8920946026904804
1976,NA,NA,NA,21.6,22.6,0.639,126,310.15,2.100370545117563
1978,577,730,100,2.8,22,0.145,10.9,310.85,1.0374264979406236
1981,273,547,78,2.8,12,0.117,13.3,309.15,1.1238516409670858
1984,NA,NA,NA,NA,11.8,0.4,61,306.95,1.7853298350107671
1986,289,289,76,5.9,19.2,0.359,46.1,309.55,1.6637009253896482
1988,258,258,95,5,17,0.24,14.9,309.55,1.173186268412274
1989,285,285,189,8,29.2,0.194,29.4,308.15,1.4683473304121573
1991,NA,NA,106,NA,11,0.164,9.6,308.65,0.9822712330395684
1993,120,NA,270,2.52,17,0.082,11.7,308.15,1.0681858617461617
1995,NA,NA,105,7,9,0.267,33.5,307.75,1.5250448070368452
1996,NA,NA,120,15.9,18,0.559,84.2,307.85,1.9253120914996495
1997,NA,NA,106,8.3,13,0.25,21.9,309.55,1.3404441148401183
1998,NA,NA,105,5.2,12,0.237,21.4,309.55,1.3304137733491908
1999,213,213,112,6.2,10.1,0.262,37.2,309.65,1.5705429398818975
2001,NA,NA,150,55,12.3,1.411,312.4,309.95,2.494711025205263
2010,365,365,145,45,40,1.622,562.2,309.85,2.749890841271422
2011,NA,NA,NA,NA,20.3,1.618,520.8,308.85,2.7166709755601355
2015,540,540,190,80,23.6,1.768,598,309.65,2.776701183988411
2017,NA,NA,NA,NA,17.2,0.705,194.2,309.25,2.288249225571986
2018,NA,NA,198,45,28,0.753,254.5,309.65,2.4056877866727775
2019,540,540,NA,NA,15.8,1.353,362,310.15,2.558708570533166
2020,NA,NA,NA,NA,20.9,4.486,1024.3,310.05,3.010427172717049
2022,365,365,116,21.06,22.9,0.684,146,307.95,2.164352855784437
2029,365,365,62,3.1,14.8,0.104,22,307.15,1.3424226808222062
2033,547,730,35,3.9,19,0.113,13.3,309.15,1.1238516409670858
2048,210,210,55,1.96,34,0.051,5.8,305.15,0.7634279935629372
2052,98,98,55,1,7,0.027,3.7,307.15,0.568201724066995
2055,365,365,65,3.2,11.3,0.04,11.9,NA,1.0755469613925308
2056,NA,NA,NA,2.82,10,0.199,25,309.15,1.3979400086720377
2058,NA,NA,NA,0.79,14,0.047,5,NA,0.6989700043360189
2066,365,365,65,2.09,30,0.082,10.2,307.15,1.0086001717619175
2073,NA,NA,NA,NA,16.2,1.707,1110,307.55,3.0453229787866576
2074,273,273,67,128,25.2,4.508,4540,308.25,3.6570558528571038
2076,365,365,133,66,22.3,4.655,3413.7,307.65,3.5332253521421153
2078,274,274,68,105,22.1,6.901,8190,307.35,3.9132839017604186
2079,320,320,122,62.15,15,16.892,45190,306.75,4.655042341331201
2080,320,320,120,80,36.8,1.172,1160,306.15,3.0644579892269186
2082,320,320,60,105,12.5,2.192,1740,308.35,3.2405492482826
2083,350,350,12,NA,3.5,0.141,25.8,308.95,1.4116197059632303
2086,345,NA,25,NA,3.9,0.252,46.5,308.15,1.667452952889954
2089,285,285,30,0.016,5.4,0.189,25,308.25,1.3979400086720377
2090,330,NA,28,NA,3.3,0.351,66.9,309.15,1.825426117767823
2091,315,315,38,NA,7.4,0.26,91,310.85,1.9590413923210936
2093,238,216,33,0.027,8,0.439,100,308.35,2
2094,365,NA,16,0.011,6.2,2.991,1326.7,309.35,3.122772729138599
2095,315,315,NA,NA,5.9,1.501,571,309.05,2.756636108245848
2096,340,340,21,NA,6.8,3.142,1782,310.05,3.250907699700856
2097,335,335,20,0.02,6.8,2.26,945.3,309.05,2.975569657893662
2102,365,365,29,NA,5.9,0.694,153.7,310.55,2.1866738674997452
2105,290,NA,20,NA,5.8,0.067,10.6,307.65,1.0253058652647702
2106,240,NA,19,NA,5.2,0.063,7.1,307.65,0.8512583487190752
2108,350,350,43,0.0123,7,0.152,43.1,307.35,1.6344772701607315
2111,730,730,26,0.0235,13,8.664,6126.8,308.95,3.7872337036852994
2112,115,159,14,0.01,5,0.121,16,308.35,1.2041199826559248
2116,119,159,12,0.01,4.9,0.128,20.6,306.45,1.3138672203691535
2120,NA,NA,14,NA,11,0.907,438.2,305.65,2.6416723732246865
2122,240,240,NA,NA,8.7,1.194,342.7,308.15,2.534914104429867
2125,304,NA,NA,NA,3.1,2.793,940.5,308.15,2.9733587998863977
2128,178,240,12,0.2,4.2,3.31,1244.3,308.15,3.0949251011241623
2129,184,243,12,0.147,6.6,5.299,2846.6,308.15,3.4543264450192863
2131,NA,NA,14,NA,2.9,2.265,812,308.95,2.9095560292411755
2134,279,365,14,0.1,5,0.547,122,307.15,2.0863598306747484
2136,NA,NA,NA,NA,3,1.144,336,308.15,2.526339277389844
2138,180,180,NA,NA,3.9,0.366,91.5,306.85,1.9614210940664483
2139,122,122,15,0.1,5.1,0.335,104,305.75,2.0170333392987803
2141,450,NA,NA,0.2,4.4,1.886,751,308.95,2.8756399370041685
2142,240,365,NA,0.0178,8.8,0.084,14,307.85,1.146128035678238
2144,320,320,15,NA,12,0.205,44.3,309.25,1.6464037262230695
2146,190,190,NA,0.0198,10.3,0.311,64.8,308.75,1.8115750058705933
2152,845,NA,32,NA,26.9,7.96,6960,309.45,3.842609239610562
2157,363,NA,30,NA,8.8,4.749,2660,309.15,3.424881636631067
2164,274,730,28,0.429,15.1,7.78,4796,309.65,3.6808791744268112
2169,547,670,32,0.703,22,33.056,29647.9,309.25,4.4719939371366735
2171,517,806,33,0.784,25,31.353,28500,309.05,4.45484486000851
2180,252,389,26,0.404,13.8,4.695,2702.3,NA,3.4317335612338367
2187,475,464,16,NA,14.1,0.574,166,308.15,2.220108088040055
2189,236,456,16,0.194,17.8,0.517,129.3,309.05,2.111598524880394
2194,NA,243,13,NA,17,6.27,4250,307.85,3.6283889300503116
2197,315,730,17,0.279,15.9,3.8,1993.5,309.15,3.299616239998413
2199,646,1095,31,0.36,22.1,5.744,4732.4,308.95,3.6750814456877015
2200,333,380,23,NA,12.8,5.978,2820,NA,3.450249108319361
2203,180,NA,18,0.29,18.8,3.132,1018,310.35,3.00774777800074
2206,400,NA,30,0.333,14.5,2.556,1045.5,309.05,3.0193240371536905
2209,365,365,NA,0.3,10.1,2.27,859.3,310.55,2.934144811792477
2212,547,547,21,0.5,29.9,16.001,27348.2,308.45,4.436928747276661
2214,84,NA,35,10,11.4,0.828,450,308.35,2.6532125137753435
2219,213,NA,35,22,7,1.937,822.7,308.35,2.9152414973061944
2220,253,253,30,14.7,11.7,2.434,1213.5,307.15,3.0840397806679536
2221,213,NA,39,10,7.6,0.845,398.5,306.95,2.600428325732131
2222,NA,NA,37,8.5,6.3,0.63,451.5,307.35,2.6546577546495245
2226,500,500,215,205,14.8,4.954,2458,310.15,3.390581878550435
2231,243,NA,44,84.34,11.8,7.314,2300,312.35,3.361727836017593
2234,266,NA,50,107.93,18,8.443,3014.5,312.85,3.4792152882013716
2237,164,107,29,34.5,7.8,2.506,686.9,311.45,2.8368935163764335
2245,347,NA,30,9,7,0.932,109,313.25,2.037426497940624
2249,335,183,52,10,9.3,0.29,46.5,310.35,1.667452952889954
2250,NA,NA,76,NA,7.2,0.288,49,310.25,1.6901960800285136
2251,50,50,61,10.6,7.9,0.317,53,310.45,1.724275869600789
2252,44,NA,65,7,8.7,0.292,39,309.35,1.591064607026499
2257,548,548,17,NA,22.6,1.931,1030.3,307.15,3.012963699825778
2258,548,548,22,0.379,49.5,2.327,2909,303.85,3.463743721247059
2259,NA,NA,10,NA,41.2,6.493,11848.6,303.95,4.073667038262255
2262,NA,NA,NA,NA,3.1,2.255,886.6,308.05,2.9477277269633158
2263,NA,NA,12,NA,6.7,0.837,428,306.95,2.6314437690131722
2264,122,200,12,0.1883,6.8,3.202,1551,309.05,3.190611797813605
2265,210,NA,15,0.35,6.5,1.238,717,307.05,2.8555191556678
2267,91,152,12,0.25,6.1,1.902,695,308.35,2.8419848045901137
2268,135,NA,12,0.245,5.6,1.763,645,309.25,2.8095597146352675
2270,150,NA,17,NA,9.6,2.4,1245.5,308.15,3.0953437318725254
2271,708,1005,359,30000,47,164.92,177500,NA,5.249198357391113
2293,730,1095,350,402,41,3.891,4005.2,307.55,3.602624207493338
2294,1186,1186,184,1600,31,14.543,30600,305.65,4.48572142648158
2295,NA,NA,163,NA,16,5.124,3884.2,305.15,3.5893015839188025
2296,365,NA,160,NA,19,5.015,3500,306.65,3.5440680443502757
2300,821,730,142,88.5,30.1,2.499,914.5,311.15,2.9611837098124356
2304,1095,1278,186,409,24,11.464,4670,309.15,3.6693168805661123
2318,477,382,144,26.5,22.8,0.848,190,309.15,2.278753600952829
2321,684,638,125,16,18.6,0.599,110.7,308.35,2.044147620878723
2330,548,NA,142,46.03,20.5,1.305,225,NA,2.3521825181113627
2343,1003,1826,161,107,30.2,4.429,836.7,311.15,2.922569768985712
2358,1673,1673,132,366.4,37.8,19.276,8648.7,310.65,3.936950832868742
2367,1461,2192,175,397.8,35,17.037,10623.6,310.15,4.026271710267247
2369,956,1400,167,504.5,28.3,5.958,3000,312.45,3.4771212547196626
2390,1514,1762,171,814,37.5,21.095,12670.8,311.15,4.102804035926631
2409,365,NA,61,19,29,1.088,300,311.15,2.4771212547196626
2416,146,372,124,12.3,16.6,0.285,170,NA,2.230448921378274
2417,240,300,126,12.2,17.1,0.764,171.5,311.05,2.2342641243787895
2418,256,270,111,7.5,13.4,0.372,62.4,NA,1.795184589682424
2419,495,639,130,43.2,22.7,2.595,993.5,309.75,2.997167871445834
2420,600,600,132,46,20,3.927,1314,309.15,3.118595365223762
2424,4745,5110,280,3312.5,122.5,82.78,70000,310.15,4.845098040014257
2440,912,912,148,72.25,31,3.738,3350,309.15,3.525044807036845
2442,509,633,118,73,35.5,4.239,2374.1,309.65,3.375499008019384
2454,279,270,133,26.1,13,0.731,206,309.15,2.3138672203691533
2455,380,365,166,11,21.6,0.714,284,308.65,2.4533183400470375
2456,578,NA,188,48.2,25.8,1.504,1128.6,308.55,3.0525400459340224
2458,547,547,170,38.3,32.4,1.942,968.6,309.25,2.9861444647105206
2470,NA,NA,179,25.9,16,0.43,113,306.95,2.0530784434834195
2473,3287,3287,644,107000,65.5,2336.5,3672000,308.95,6.564902672529205
2478,511,NA,93,9,15.5,0.418,131.3,308.35,2.1182647260894796
2483,228,NA,70,2,31,0.128,35.3,305.25,1.5477747053878226
2486,304,304,125,240,13.8,3.375,2630,308.85,3.419955748489758
2487,365,NA,123,NA,13.5,4.11,2456,309.15,3.3902283624691303
2493,66,76,68,85,12,2.13,639.1,312.15,2.8055688175485556
2496,66,60,54,37.99,3.5,1.473,322,310.45,2.507855871695831
2498,456,456,150,1500,15.1,36.754,26385,310.25,4.421357098513142
2499,151,NA,75,76,12.9,2.011,801,311.35,2.9036325160842376
2500,240,240,111,35,17.2,1.31,436.7,307.85,2.64018319192134
2503,258,456,154,200,10.8,10.623,6794,309.95,3.8321255425340093
2507,51,45,21,5,2.5,0.613,94.7,310.65,1.9763499790032735
2508,44,75,20,1.2,3.3,0.095,7.2,309.15,0.8573324964312685
2510,43,56,20,7,3.6,1.251,365.3,312.65,2.5626496722119168
2511,40,85,20,4.35,3.3,0.459,56.8,311.55,1.7543483357110188
2517,61,NA,NA,1.9,4.1,0.428,40.2,NA,1.60422605308447
2518,24,44,19,3.8,3.3,1.071,80,310.95,1.9030899869919435
2520,48,48,16,2.45,3.9,0.69,108.2,311.25,2.0342272607705505
2522,36,42,21,2.3,4.8,0.367,25,310.75,1.3979400086720377
2523,38,56,21,1.85,4.8,0.343,21.9,310.15,1.3404441148401183
2525,60,95,21,3,3.9,0.447,43.8,311.45,1.6414741105040995
2527,47,NA,23,3.02,5.3,0.41,48.2,311.05,1.6830470382388496
2530,98,NA,21,2.32,3.8,0.305,24.8,311.45,1.3944516808262162
2533,47,72,20,1.82,4.9,0.312,21.5,NA,1.3324384599156054
2536,84,101,29,11.5,9.5,0.735,177.6,309.15,2.249442961442582
2539,76,76,33,8.45,10.5,0.46,112.5,309.95,2.0511525224473814
2542,NA,NA,30,2.7,8.4,0.151,19.5,309.55,1.290034611362518
2545,41,41,30,2.6,4.6,0.165,19.1,309.15,1.2810333672477277
2546,46,NA,30,4.46,5.5,0.267,47,309.55,1.6720978579357175
2547,70,70,24,2.2,7.7,0.162,20.5,308.85,1.3117538610557542
2548,129,NA,26,2.33,7.4,0.173,21,309.75,1.3222192947339193
2550,73,NA,26,1.89,7.9,0.213,22.3,309.85,1.3483048630481607
2551,49,NA,24,2,8.3,0.219,20.5,309.75,1.3117538610557542
2552,28,NA,24,1.68,5.5,0.12,12,NA,1.0791812460476249
2553,50,NA,26,2.315,5.4,0.307,33.1,309.85,1.5198279937757189
2557,120,NA,20,2,3.9,0.313,31.3,309.25,1.4955443375464486
2559,NA,NA,23,2.4,7.4,0.288,30.8,NA,1.4885507165004443
2560,61,NA,NA,NA,5.5,0.428,78.7,NA,1.8959747323590646
2565,40,40,27,6.2,5.2,1.085,159.6,311.25,2.2030328870147105
2574,365,365,116,680,16.3,15.323,9156,310.35,3.9617057840025054
2576,NA,NA,NA,NA,11.8,10.521,3849,310.65,3.585347911094591
2579,193,NA,112,NA,17.8,8.694,2687,311.45,3.4292676664331685
2584,304,304,99,100,14.8,2.804,914,308.55,2.9609461957338312
2590,327,137,38,2,7.3,0.515,75,310.65,1.8750612633917
2591,NA,NA,35,NA,5.5,0.775,139,310.15,2.143014800254095
2594,61,61,19,0.8,5.6,0.219,26.1,NA,1.416640507338281
2601,146,146,64,23,5.8,1.75,498,311.05,2.6972293427597176
2602,178,NA,94,21.1,7,1.153,323,310.75,2.509202522331103
2603,578,578,203,408,26.6,5.123,3280,309.85,3.515873843711679
2604,1095,1095,210,500,23.4,13.675,6871,309.15,3.837019948540908
2608,91,91,51,5.2,12,0.769,197,308.15,2.294466226161593
2610,319,319,19,3.3,6.1,0.67,143,309.15,2.155336037465062
2617,322,335,25,1.5,8.7,0.664,174.4,310.85,2.2415464805965484
2618,NA,NA,24,3.5,6.9,0.225,38.4,NA,1.5843312243675307
2620,335,335,23,0.8,5.3,0.351,23.5,NA,1.3710678622717363
2621,166,166,25,NA,8.3,0.15,19.6,305.75,1.2922560713564761
2622,365,365,28,1,7.1,0.103,15.1,NA,1.1789769472931695
2625,NA,NA,30,3.04,8.6,0.517,105.8,309.95,2.024485667699167
2626,NA,NA,31,3.91,8.3,0.408,63.3,NA,1.801403710017355
2627,102,NA,28,2.92,9.7,0.246,37.6,310.15,1.575187844927661
2629,61,NA,29,5,9.9,0.339,47.8,307.75,1.6794278966121188
2636,151,NA,22,0.9,8.3,0.061,8.5,307.85,0.9294189257142927
2638,100,NA,24,1.5,5.8,0.16,19.2,NA,1.2833012287035497
2641,375,390,94,351,23.1,13.175,11300,310.65,4.05307844348342
2648,58,59,38,5.27,5.9,0.258,42,310.65,1.6232492903979006
2655,52,52,26,2.4,4.5,0.365,28.3,309.85,1.4517864355242902
2658,71,65,23,1.5,6.3,0.264,23.8,309.85,1.376576957056512
2662,NA,NA,35,NA,4.5,0.908,213.2,309.05,2.3287872003545345
2665,NA,NA,29,3.12,6.1,0.49,71.9,309.05,1.8567288903828827
2667,152,115,23,4.5,5.7,1.016,106.5,307.15,2.0273496077747564
2669,NA,NA,NA,NA,5.9,0.237,29.7,310.35,1.4727564493172123
2671,NA,NA,20,2.24,5.5,0.261,56.3,NA,1.7505083948513462
2672,74,73,21,2.5,8.2,0.454,108.5,309.25,2.0354297381845483
2674,163,135,36,24.39,7.3,2.97,900,309.75,2.9542425094393248
2686,43,36,25,3,6.3,0.546,64.8,311.35,1.8115750058705933
2690,NA,NA,22,2.5,4.7,0.292,62.6,309.95,1.7965743332104296
2691,40,37,20,0.9,3.8,0.201,7.6,311.15,0.8808135922807914
2695,60,77,20,0.97,4.3,0.129,8,309.45,0.9030899869919435
2697,42,42,19,1.25,4,0.271,18,310.05,1.255272505103306
2699,75,75,35,2.83,6.4,0.252,32.3,311.15,1.5092025223311027
2715,107,90,26,4.5,5.3,0.471,76,310.65,1.8808135922807914
2716,79,NA,27,4.87,4.4,0.353,109,309.85,2.037426497940624
2717,90,70,21,5.81,3.8,1.404,206.9,310.25,2.3157604906657347
2718,90,112,22,4.55,4.2,0.77,117,311.15,2.0681858617461617
2719,42,64,25,2.67,4.5,0.179,39.6,310.15,1.5976951859255124
2721,NA,NA,NA,NA,7.3,0.274,63.6,310.65,1.8034571156484138
2723,77,91,26,3,7,0.422,86.9,309.15,1.9390197764486665
2733,158,NA,34,25.7,8.4,6.024,1686.7,308.75,3.227037844930226
2737,109,NA,38,6.5,6.3,0.707,93.8,306.15,1.9722028383790644
2738,45,NA,21,2.6,4.5,0.274,68.1,308.45,1.8331471119127851
2740,182,182,90,14,14,0.958,199.6,310.75,2.3001605369513523
2742,NA,NA,80,8.9,10.8,0.561,126.2,309.65,2.1010593549081156
2743,1034,NA,80,275,20,4.427,2300,309.05,3.361727836017593
2747,365,365,29,3.21,11.2,0.511,94.1,310.65,1.973589623427257
2756,637,NA,30,6.26,10.4,0.967,249.6,309.45,2.397244581010386
2759,730,730,30,15.75,11,2.358,1112.3,NA,3.0462219372216364
2763,NA,NA,NA,NA,10,0.58,63,NA,1.7993405494535817
2768,210,NA,40,3.35,19,0.414,67.4,312.15,1.8286598965353198
2769,NA,NA,NA,NA,8.7,0.744,230,309.15,2.361727836017593
2770,354,225,28,3.24,7.9,0.983,198.4,308.85,2.2975416678181597
2774,730,730,30,33.8,21.2,8.626,4295,309.65,3.632963168167261
2776,548,548,32,27,14,3.696,2650,310.15,3.423245873936808
2786,327,327,28,9,7.2,2.19,607,NA,2.7831886910752575
2796,343,401,44,15,23.6,2.062,440,311.85,2.6434526764861874
2806,314,314,27,NA,6.7,1.272,240,310.65,2.380211241711606
2813,365,NA,30,2.3,10,0.349,49.3,310.15,1.69284691927723
2818,187,228,31,3.4,9.5,0.813,89.6,311.35,1.9523080096621253
2820,342,NA,37,7,9.8,1.615,219.6,311.85,2.3416323357780544
2824,NA,NA,24,4.5,7.8,0.629,240,310.15,2.380211241711606
2825,325,325,28,3.9,8.9,0.501,125.1,309.45,2.0972573096934197
2827,365,365,45,20,11.5,1.775,528.5,309.95,2.723044991643445
2828,NA,NA,42,7,4.8,0.96,344,309.15,2.53655844257153
2830,NA,NA,NA,NA,20.2,0.585,133.8,308.7,2.1264561134318045
2835,90,90,46,12.94,12.4,0.522,123,310.15,2.089905111439398
2838,NA,NA,55,20,11.5,1.25,260.6,309.15,2.415974411376566
2840,1096,1096,328,12500,40,55.015,167594,NA,5.224258466480802
2841,1278,913,335,32000,69,70.0056,450000,NA,5.653212513775344
2844,46,65,17,1.34,2.2,0.344,20.9,NA,1.320146286111054
2846,NA,NA,25,2.26,2.2,0.248,33.2,NA,1.5211380837040362
2847,95,95,30,0.933,2.9,0.166,11.7,308.15,1.0681858617461617
2848,75,75,29,0.945,4,0.143,10.8,307.85,1.0334237554869496
2849,175,365,27,0.53,2.8,0.112,6.9,308.25,0.8388490907372553
2850,40,43,21,0.34,3.5,0.164,6.3,310.15,0.7993405494535817
2853,106,106,20,0.78,3.1,0.328,16,310.45,1.2041199826559248
2855,198,335,21,0.44,3.2,0.348,8.4,308.15,0.9242792860618817
2868,36,36,30,2.68,3.2,0.403,39.7,311.85,1.5987905067631152
2869,304,304,40,1.5,2.5,0.615,49,310.85,1.6901960800285136
2875,730,730,225,1800,29.8,34.275,48000,307.65,4.681241237375588
2877,4380,4380,NA,NA,77,0.1539,1079,295.31,3.0330214446829107
2898,4380,4380,NA,NA,90,0.0605,430,295.5,2.6334684555795866
2922,NA,NA,NA,NA,9.8,0.0132,31.5,295.5,1.4983105537896004
2927,1095,1095,125,NA,40.4,0.3589,3532,293,3.548020694905531
3006,1460,1460,NA,NA,20,0.0295,94.2,290.25,1.9740509027928774
3141,NA,NA,NA,NA,14.6,0.0441,69.5,305.5,1.841984804590114
3152,NA,NA,NA,NA,10,0.00337,15.7,293.83,1.1958996524092338
3176,1095,1095,100,NA,34.2,1.2661,12370,303,4.092369699629121
3178,NA,NA,NA,NA,29.4,2.7349,32000,297.5,4.505149978319906
3194,NA,NA,NA,NA,7.3,0.0206,30,300.5,1.4771212547196624
3200,NA,NA,NA,14,26.6,0.2127,493,303,2.69284691927723
3206,NA,NA,NA,NA,7.8,0.017,18,304.25,1.255272505103306
3322,2750,1642,NA,NA,61,0.0236,400,289.5,2.6020599913279625
3345,2920,1460,75,NA,41.3,0.1157,240,297,2.380211241711606
